,fechaHora,ultimoPrecio
0,2021-06-29 17:00:01.553,724.0
1,2021-06-28 17:00:03.430,723.5
2,2021-06-25 17:00:02.283,735.5
3,2021-06-24 17:00:03.360,764.5
4,2021-06-23 17:00:03.163,759.5
5,2021-06-22 17:00:03.200,766.0
6,2021-06-18 17:00:03.077,768.5
7,2021-06-17 17:00:02.780,769.0
8,2021-06-16 16:58:30.480,753.5
9,2021-06-15 17:00:03.340,750.0
10,2021-06-14 17:00:01.700,748.5
11,2021-06-11 17:00:02.413,746.5
12,2021-06-10 17:00:01.447,744.0
13,2021-06-09 16:59:42.883,757.0
14,2021-06-08 17:00:03.500,763.0
15,2021-06-07 17:00:04.270,787.5
16,2021-06-04 17:00:02.363,758.5
17,2021-06-03 17:00:03.657,749.5
18,2021-06-02 17:00:03.463,753.0
19,2021-06-01 17:00:01.717,736.5
20,2021-05-31 17:00:02.843,736.5
21,2021-05-28 17:00:01.840,744.0
22,2021-05-27 17:00:03.477,761.5
23,2021-05-26 17:01:00.000,712.5
24,2021-05-21 17:00:01.580,704.0
25,2021-05-20 17:00:01.877,697.0
26,2021-05-19 17:00:02.693,685.5
27,2021-05-18 17:00:01.487,680.5
28,2021-05-17 17:00:02.440,683.5
29,2021-05-14 17:00:02.977,696.0
30,2021-05-13 17:00:01.603,696.0
31,2021-05-12 17:00:03.277,714.5
32,2021-05-11 17:00:02.130,716.0
33,2021-05-10 17:00:03.193,724.5
34,2021-05-07 17:00:02.607,709.5
35,2021-05-06 17:00:02.567,685.5
36,2021-05-05 17:00:03.140,650.0
37,2021-05-04 17:00:01.867,647.0
38,2021-05-03 17:00:02.430,639.0
39,2021-04-30 17:00:03.173,640.5
40,2021-04-29 17:00:03.050,640.0
41,2021-04-28 17:00:03.553,650.5
42,2021-04-27 17:00:03.487,640.0
43,2021-04-26 17:00:03.273,641.0
44,2021-04-23 17:00:02.200,641.0
45,2021-04-22 17:00:02.663,640.0
46,2021-04-21 17:00:03.043,640.0
47,2021-04-20 17:00:02.373,630.0
48,2021-04-19 17:00:03.070,629.0
49,2021-04-16 17:00:02.773,629.0
50,2021-04-15 17:00:02.777,629.0
51,2021-04-14 17:00:02.573,631.0
52,2021-04-13 17:00:02.533,631.0
53,2021-04-12 17:00:02.860,629.0
54,2021-04-09 17:00:02.640,632.0
55,2021-04-08 17:00:02.243,629.5
56,2021-04-07 17:00:02.893,633.5
57,2021-04-06 17:00:02.647,633.0
58,2021-04-05 16:59:16.300,628.0
59,2021-03-31 17:00:02.163,628.0
60,2021-03-30 17:00:02.817,630.0
61,2021-03-29 17:00:03.350,623.5
62,2021-03-26 17:00:02.880,625.5
63,2021-03-25 17:00:02.617,621.5
64,2021-03-23 17:00:02.397,636.0
65,2021-03-22 17:00:02.767,630.5
66,2021-03-19 17:00:02.557,630.0
67,2021-03-18 17:00:02.763,626.0
68,2021-03-17 17:00:02.763,636.5
69,2021-03-16 17:00:04.167,641.0
70,2021-03-15 17:00:02.937,640.5
71,2021-03-12 17:00:05.103,628.5
72,2021-03-11 17:00:05.380,639.5
73,2021-03-10 17:00:05.097,649.0
74,2021-03-09 17:00:05.113,651.5
75,2021-03-08 17:00:05.083,629.0
76,2021-03-05 17:00:04.627,635.5
77,2021-03-04 17:00:04.647,645.5
78,2021-03-03 17:00:04.620,645.5
79,2021-03-02 17:00:04.933,645.0
80,2021-03-01 17:00:04.620,629.5
81,2021-02-26 17:00:04.667,616.5
82,2021-02-25 17:00:04.617,626.0
83,2021-02-24 16:57:08.130,619.0
84,2021-02-23 17:00:04.823,606.0
85,2021-02-22 17:00:04.857,623.0
86,2021-02-19 17:00:04.613,623.0
87,2021-02-18 17:00:04.640,621.0
88,2021-02-17 17:00:04.640,622.0
89,2021-02-12 17:00:04.743,616.5
90,2021-02-11 17:00:04.633,604.5
91,2021-02-10 17:00:04.833,595.5
92,2021-02-09 17:00:04.653,603.5
93,2021-02-08 17:00:04.653,608.0
94,2021-02-05 17:00:04.640,605.0
95,2021-02-04 17:00:04.650,600.0
96,2021-02-03 17:00:04.653,606.0
97,2021-02-02 17:00:04.623,600.0
98,2021-02-01 17:11:17.157,601.0
99,2021-01-29 17:00:04.590,595.5
100,2021-01-28 17:00:04.603,600.0
101,2021-01-27 17:00:05.087,600.0
102,2021-01-26 17:00:05.053,601.0
103,2021-01-25 17:00:05.047,593.5
104,2021-01-22 17:05:34.203,586.0
105,2021-01-21 17:00:05.103,581.0
106,2021-01-20 17:00:05.067,599.0
107,2021-01-19 17:00:05.053,595.0
108,2021-01-18 17:00:05.710,592.5
109,2021-01-15 17:00:04.690,596.5
110,2021-01-14 17:00:05.057,607.0
111,2021-01-13 17:00:05.037,604.5
112,2021-01-12 17:00:05.047,606.0
113,2021-01-11 17:00:05.043,600.0
114,2021-01-08 17:00:05.053,602.5
115,2021-01-07 17:00:05.050,603.0
116,2021-01-06 17:08:20.300,603.5
117,2021-01-05 17:00:05.060,598.5
118,2021-01-04 17:00:05.080,600.5
119,2020-12-30 17:00:07.183,616.0
120,2020-12-29 17:00:05.027,615.5
121,2020-12-28 17:00:05.510,610.0
122,2020-12-23 17:00:05.517,624.0
123,2020-12-22 17:00:05.533,609.5
124,2020-12-21 17:00:05.420,600.0
125,2020-12-18 17:00:05.613,611.0
126,2020-12-17 17:00:05.460,605.5
127,2020-12-16 17:00:05.500,601.0
128,2020-12-15 17:00:05.537,603.5
129,2020-12-14 17:00:05.423,596.0
130,2020-12-11 17:00:05.390,603.5
131,2020-12-10 17:00:05.470,605.0
132,2020-12-09 17:00:05.400,594.0
133,2020-12-04 17:00:05.397,610.5
134,2020-12-03 17:00:05.390,609.0
135,2020-12-02 17:00:05.360,607.0
136,2020-12-01 17:00:05.350,605.0
137,2020-11-30 17:00:05.380,606.5
138,2020-11-27 17:00:05.380,608.0
139,2020-11-26 17:11:37.353,603.5
140,2020-11-25 17:00:05.787,610.0
141,2020-11-24 17:00:05.787,610.5
142,2020-11-20 17:00:05.787,600.0
143,2020-11-19 17:00:06.040,600.0
144,2020-11-18 17:00:06.000,615.5
145,2020-11-17 17:00:05.827,616.0
146,2020-11-16 17:00:05.807,598.5
147,2020-11-13 17:00:05.833,579.5
148,2020-11-12 17:00:05.797,582.5
149,2020-11-11 17:00:05.793,599.0
150,2020-11-10 17:00:05.823,577.0
151,2020-11-09 17:00:05.837,555.0
152,2020-11-06 17:00:04.583,549.5
153,2020-11-05 17:00:05.810,556.5
154,2020-11-04 17:00:05.877,532.0
155,2020-11-03 17:00:05.827,557.5
156,2020-11-02 17:00:05.933,545.0
157,2020-10-30 17:00:05.823,524.0
158,2020-10-29 17:00:05.823,519.0
159,2020-10-28 17:00:06.387,499.5
160,2020-10-27 17:00:06.253,531.0
161,2020-10-26 17:00:06.243,530.0
162,2020-10-23 17:00:06.237,556.5
163,2020-10-22 17:00:06.247,539.5
164,2020-10-21 17:00:06.150,548.0
165,2020-10-20 17:00:06.227,540.5
166,2020-10-19 17:00:06.170,530.5
167,2020-10-16 17:00:06.113,527.0
168,2020-10-15 16:51:10.010,536.5
169,2020-10-14 17:13:24.750,532.0
170,2020-10-13 17:00:06.103,529.0
171,2020-10-09 17:00:06.127,536.0
172,2020-10-08 17:00:06.147,529.5
173,2020-10-07 17:00:06.160,530.0
174,2020-10-06 17:00:06.120,528.5
175,2020-10-05 17:00:06.120,539.0
176,2020-10-02 17:00:06.603,525.5
177,2020-10-01 17:00:04.960,524.0
178,2020-09-30 17:08:34.057,501.0
179,2020-09-29 17:00:06.133,526.5
180,2020-09-28 17:00:06.593,527.5
181,2020-09-25 17:00:05.183,529.0
182,2020-09-24 17:00:06.770,523.5
183,2020-09-23 17:00:06.593,506.5
184,2020-09-22 17:00:06.583,490.0
185,2020-09-21 17:00:06.630,479.5
186,2020-09-18 17:00:06.607,496.0
187,2020-09-17 17:00:06.673,487.0
188,2020-09-16 17:00:06.633,537.0
189,2020-09-15 17:00:06.550,576.5
190,2020-09-14 17:00:05.457,570.5
191,2020-09-11 17:00:04.400,593.0
192,2020-09-10 17:00:04.437,618.0
193,2020-09-09 17:00:04.417,617.0
194,2020-09-08 17:00:04.367,599.0
195,2020-09-07 17:00:03.043,573.5
196,2020-09-04 17:00:04.517,554.0
197,2020-09-03 17:00:04.420,531.0
198,2020-09-02 17:00:04.520,527.5
199,2020-09-01 17:00:04.430,557.0
200,2020-08-31 17:00:04.427,559.5
201,2020-08-28 17:00:04.477,553.5
202,2020-08-27 17:00:02.850,559.5
203,2020-08-26 17:11:39.140,546.5
204,2020-08-25 17:00:04.647,515.5
205,2020-08-24 17:00:04.713,495.0
206,2020-08-21 17:00:04.690,496.0
207,2020-08-20 17:00:04.720,483.0
208,2020-08-19 17:00:04.677,486.0
209,2020-08-18 17:05:50.040,480.0
210,2020-08-14 17:00:04.857,496.0
211,2020-08-13 17:00:04.677,514.5
212,2020-08-12 17:00:04.643,508.0
213,2020-08-11 17:00:04.700,528.0
214,2020-08-10 17:00:04.627,534.5
215,2020-08-07 17:00:04.630,532.5
216,2020-08-06 17:00:04.613,526.5
217,2020-08-05 17:00:04.680,548.0
218,2020-08-04 17:00:04.753,533.0
219,2020-08-03 16:38:08.260,500.0
220,2020-07-31 17:00:04.647,477.0
221,2020-07-30 17:00:04.657,470.0
222,2020-07-29 17:00:04.770,465.5
223,2020-07-28 17:05:20.340,462.0
224,2020-07-27 17:00:04.767,448.0
225,2020-07-24 17:00:04.760,454.0
226,2020-07-23 17:00:13.913,471.0
227,2020-07-22 17:00:05.093,468.0
228,2020-07-21 17:00:04.773,444.0
229,2020-07-20 17:00:04.970,446.5
230,2020-07-17 17:00:04.747,440.0
231,2020-07-16 17:00:04.797,432.0
232,2020-07-15 17:00:04.753,433.0
233,2020-07-14 17:00:04.750,428.0
234,2020-07-13 17:00:04.910,424.0
235,2020-07-08 17:14:05.970,418.0
236,2020-07-07 17:00:06.133,413.5
237,2020-07-06 17:00:04.893,405.0
238,2020-07-03 17:00:04.787,375.5
239,2020-07-02 17:00:04.803,382.5
240,2020-07-01 17:00:04.990,383.0
241,2020-06-30 17:00:05.007,379.5
242,2020-06-29 17:00:05.853,390.0
243,2020-06-26 17:00:05.777,392.5
244,2020-06-25 17:00:05.020,399.0
245,2020-06-24 17:00:04.960,392.0
246,2020-06-23 17:00:05.133,392.5
247,2020-06-22 17:00:04.927,385.5
248,2020-06-19 17:00:04.923,388.0
249,2020-06-18 17:00:04.977,373.5
250,2020-06-17 17:00:05.910,390.0
251,2020-06-16 17:00:04.937,391.0
252,2020-06-12 17:00:04.853,387.5
253,2020-06-11 17:05:15.813,379.0
254,2020-06-10 17:00:04.863,394.5
255,2020-06-09 17:00:04.977,388.5
256,2020-06-08 17:00:04.980,401.5
257,2020-06-05 17:12:48.420,400.5
258,2020-06-04 17:00:04.957,394.0
259,2020-06-03 17:00:04.960,404.5
260,2020-06-02 17:00:04.933,396.0
261,2020-06-01 17:00:04.903,387.5
262,2020-05-29 17:00:04.930,381.5
263,2020-05-28 17:00:04.947,386.5
264,2020-05-27 17:00:05.070,389.0
265,2020-05-26 17:00:05.083,391.0
266,2020-05-22 17:00:05.063,398.5
267,2020-05-21 17:00:05.020,394.0
268,2020-05-20 17:00:05.013,399.0
269,2020-05-19 17:09:01.817,391.0
270,2020-05-18 17:00:04.990,375.5
271,2020-05-15 17:00:06.313,364.5
272,2020-05-14 17:00:05.180,345.0
273,2020-05-13 17:00:05.053,314.0
274,2020-05-12 17:00:07.897,314.5
275,2020-05-11 17:00:05.577,304.0
276,2020-05-08 17:00:05.023,295.0
277,2020-05-07 17:00:05.343,291.5
278,2020-05-06 17:00:05.300,283.0
279,2020-05-05 17:00:05.297,275.0
280,2020-05-04 17:00:05.277,271.5
281,2020-04-30 17:00:05.273,280.0
282,2020-04-29 17:00:05.303,286.5
283,2020-04-28 17:00:05.417,289.0
284,2020-04-27 17:00:05.387,272.0
285,2020-04-24 17:00:05.370,270.0
286,2020-04-23 17:00:05.343,282.0
287,2020-04-22 17:00:05.363,285.0
288,2020-04-21 17:08:27.307,287.0
289,2020-04-20 17:00:05.330,277.0
290,2020-04-17 17:00:05.340,264.5
291,2020-04-16 17:00:05.500,265.0
292,2020-04-15 17:00:06.560,279.0
293,2020-04-14 17:00:05.523,263.5
294,2020-04-13 17:00:05.290,253.0
295,2020-04-08 17:09:58.180,234.0
296,2020-04-07 17:00:05.283,230.0
297,2020-04-06 17:00:05.283,229.75
298,2020-04-03 17:00:05.280,227.0
299,2020-04-02 17:00:05.293,230.75
300,2020-04-01 17:00:05.383,234.0
301,2020-03-30 17:00:05.300,235.0
302,2020-03-27 17:00:06.057,243.25
303,2020-03-26 17:00:05.763,238.5
304,2020-03-25 17:00:05.707,243.0
305,2020-03-20 17:00:05.687,240.0
306,2020-03-19 17:00:06.270,249.0
307,2020-03-18 17:00:05.930,235.25
308,2020-03-17 17:00:05.817,263.5
309,2020-03-16 17:00:05.753,258.5
310,2020-03-13 17:00:05.763,265.5
311,2020-03-12 17:00:05.963,274.0
312,2020-03-11 17:00:05.737,283.5
313,2020-03-10 17:00:05.737,282.0
314,2020-03-09 17:00:05.737,268.5
315,2020-03-06 17:00:05.760,288.0
316,2020-03-05 17:00:05.690,290.0
317,2020-03-04 17:00:05.737,296.0
318,2020-03-03 17:00:05.847,293.0
319,2020-03-02 17:00:05.700,298.0
320,2020-02-28 17:00:05.717,285.5
321,2020-02-27 17:00:05.113,280.5
322,2020-02-26 17:00:05.637,289.5
323,2020-02-21 17:00:05.627,305.0
324,2020-02-20 17:00:05.610,303.5
325,2020-02-19 17:00:05.607,295.0
326,2020-02-18 17:00:05.593,299.5
327,2020-02-17 17:00:05.587,306.0
328,2020-02-14 17:00:05.197,299.0
329,2020-02-13 17:00:05.597,287.0
330,2020-02-12 17:00:05.587,290.0
331,2020-02-11 17:00:05.597,272.5
332,2020-02-10 17:00:05.593,276.0
333,2020-02-07 17:00:05.613,269.5
334,2020-02-06 17:00:05.567,260.0
335,2020-02-05 17:00:05.607,262.0
336,2020-02-04 17:00:05.603,264.5
337,2020-02-03 17:00:05.617,267.0
338,2020-01-31 17:00:05.700,264.5
339,2020-01-30 17:00:05.603,275.5
340,2020-01-29 17:00:06.003,292.5
341,2020-01-28 17:00:06.030,293.5
342,2020-01-27 17:00:06.043,282.5
343,2020-01-24 17:00:06.070,293.0
344,2020-01-23 17:00:06.030,298.0
345,2020-01-22 17:00:06.023,303.0
346,2020-01-21 17:06:02.103,305.5
347,2020-01-20 17:00:06.047,304.5
348,2020-01-17 17:00:05.667,304.5
349,2020-01-16 17:00:06.363,297.0
350,2020-01-15 17:00:06.180,290.0
351,2020-01-14 17:00:06.160,292.5
352,2020-01-13 17:05:14.410,300.0
353,2020-01-10 17:00:06.267,304.0
354,2020-01-09 17:00:05.987,302.5
355,2020-01-08 17:00:05.973,310.0
356,2020-01-07 17:00:06.023,310.0
357,2020-01-06 17:00:05.973,310.0
358,2020-01-03 17:00:06.263,314.5
359,2020-01-02 17:00:05.977,316.5
360,2019-12-30 17:00:06.110,321.5
361,2019-12-27 17:00:05.993,322.0
362,2019-12-26 17:00:06.323,326.5
363,2019-12-23 17:00:06.870,304.0
364,2019-12-20 17:00:06.277,298.5
365,2019-12-19 17:00:06.353,299.0
366,2019-12-18 17:00:06.300,291.0
367,2019-12-17 17:00:06.327,290.5
368,2019-12-16 17:00:06.297,294.5
369,2019-12-13 17:00:06.297,287.5
370,2019-12-12 16:56:18.577,280.0
371,2019-12-11 17:00:06.420,269.0
372,2019-12-10 17:00:06.327,266.0
373,2019-12-09 17:00:06.337,271.0
374,2019-12-06 17:00:06.320,281.0
375,2019-12-05 17:00:04.873,272.0
376,2019-12-04 17:00:04.903,271.5
377,2019-12-03 17:00:05.000,259.5
378,2019-12-02 17:00:04.860,248.25
379,2019-11-29 17:00:04.813,254.5
380,2019-11-28 17:00:04.413,248.5
381,2019-11-27 16:57:49.410,250.0
382,2019-11-26 17:00:05.233,239.0
383,2019-11-25 17:00:05.210,250.0
384,2019-11-22 17:00:05.227,244.0
385,2019-11-21 17:00:05.347,245.0
386,2019-11-20 17:00:05.217,251.5
387,2019-11-19 17:00:05.213,253.0
388,2019-11-15 17:00:05.210,249.75
389,2019-11-14 17:00:05.267,238.0
390,2019-11-13 17:00:05.173,261.0
391,2019-11-12 17:00:06.167,268.0
392,2019-11-11 17:00:05.190,282.0
393,2019-11-08 16:55:00.477,280.0
394,2019-11-07 17:00:05.110,289.0
395,2019-11-06 17:00:03.430,284.5
396,2019-11-05 17:00:07.740,289.5
397,2019-11-04 17:00:03.853,287.5
398,2019-11-01 17:00:03.817,285.0
399,2019-10-31 17:00:03.810,276.0
400,2019-10-30 17:00:03.810,248.0
401,2019-10-29 17:00:04.097,226.0
402,2019-10-28 17:00:04.083,209.0
403,2019-10-25 17:00:04.157,220.0
404,2019-10-24 17:05:12.497,220.0
405,2019-10-23 17:00:04.073,220.0
406,2019-10-22 17:00:04.047,213.25
407,2019-10-21 17:00:04.093,220.5
408,2019-10-18 17:00:04.107,221.0
409,2019-10-17 16:57:09.830,222.0
410,2019-10-16 17:00:04.167,220.0
411,2019-10-15 17:00:04.133,221.0
412,2019-10-11 17:00:04.123,222.0
413,2019-10-10 17:00:04.130,221.5
414,2019-10-09 17:00:04.213,222.75
415,2019-10-08 17:00:04.143,220.5
416,2019-10-07 17:00:04.130,223.0
417,2019-10-04 17:00:04.127,220.25
418,2019-10-03 17:00:04.073,220.5
419,2019-10-02 17:00:04.463,226.5
420,2019-10-01 17:00:03.987,224.0
421,2019-09-30 17:00:04.140,223.0
422,2019-09-27 17:00:04.043,221.0
423,2019-09-26 17:00:04.153,221.0
424,2019-09-25 17:00:04.220,220.0
425,2019-09-24 17:00:04.210,213.75
426,2019-09-23 17:00:04.283,218.0
427,2019-09-20 17:00:03.650,222.0
428,2019-09-19 17:00:03.870,224.0
429,2019-09-18 17:00:05.180,217.5
430,2019-09-17 17:00:04.870,217.0
431,2019-09-16 17:00:05.250,220.25
432,2019-09-13 17:00:06.100,217.75
433,2019-09-12 17:00:04.670,219.25
434,2019-09-11 17:00:03.970,219.5
435,2019-09-10 17:00:03.790,220.25
436,2019-09-09 17:00:03.677,220.0
437,2019-09-06 17:00:03.683,221.25
438,2019-09-05 17:00:03.723,221.5
439,2019-09-04 17:00:05.863,211.25
440,2019-09-03 17:00:05.670,193.5
441,2019-09-02 17:05:20.347,207.0
442,2019-08-30 17:00:03.857,200.5
443,2019-08-29 17:00:04.103,200.75
444,2019-08-28 17:00:04.953,206.75
445,2019-08-27 17:00:03.997,203.0
446,2019-08-26 17:00:03.970,218.25
447,2019-08-23 17:00:04.053,224.75
448,2019-08-22 17:00:04.437,235.75
449,2019-08-21 17:00:04.110,238.25
450,2019-08-20 17:00:05.513,237.25
451,2019-08-16 17:00:07.673,253.0
452,2019-08-15 17:00:05.397,234.5
453,2019-08-14 17:00:04.180,222.5
454,2019-08-13 17:00:06.077,224.75
455,2019-08-12 17:00:04.340,200.25
456,2019-08-09 17:00:06.730,355.5
457,2019-08-08 17:00:04.660,352.5
458,2019-08-07 17:00:04.523,354.5
459,2019-08-06 17:00:05.353,361.5
460,2019-08-05 17:00:04.567,363.5
461,2019-08-02 17:00:04.610,373.5
462,2019-08-01 17:00:04.207,366.5
463,2019-07-31 17:00:05.903,371.0
464,2019-07-30 17:00:04.280,371.5
465,2019-07-29 17:00:04.683,373.0
466,2019-07-26 17:00:08.087,369.0
467,2019-07-25 17:00:04.390,342.0
468,2019-07-24 17:00:04.403,339.5
469,2019-07-23 17:00:04.693,325.0
470,2019-07-22 17:00:04.540,314.0
471,2019-07-19 17:00:04.553,320.5
472,2019-07-18 17:00:04.503,324.0
473,2019-07-17 17:00:04.760,324.5
474,2019-07-16 17:00:05.420,332.0
475,2019-07-15 17:00:19.790,340.0
476,2019-07-12 17:00:04.587,357.5
477,2019-07-11 17:00:04.743,358.0
478,2019-07-10 17:00:04.793,366.5
479,2019-07-05 17:00:04.507,368.0
480,2019-07-04 17:00:04.623,364.5
481,2019-07-03 17:00:06.480,363.5
482,2019-07-02 17:00:07.223,368.5
483,2019-07-01 17:00:06.013,362.0
484,2019-06-28 17:00:05.053,371.0
485,2019-06-27 17:00:04.540,370.5
486,2019-06-26 17:00:04.980,361.5
487,2019-06-25 17:00:05.680,360.5
488,2019-06-24 17:06:19.043,361.0
489,2019-06-21 17:00:04.727,361.5
490,2019-06-19 17:00:03.687,363.5
491,2019-06-18 17:00:07.050,376.5
492,2019-06-14 17:00:04.017,375.0
493,2019-06-13 17:00:04.393,372.5
494,2019-06-12 17:00:07.000,373.0
495,2019-06-11 17:00:04.747,330.0
496,2019-06-10 17:00:03.403,305.5
497,2019-06-07 17:00:03.557,290.5
498,2019-06-06 17:00:04.560,268.5
499,2019-06-05 17:00:03.360,258.5
500,2019-06-04 17:00:08.203,259.0
501,2019-06-03 17:00:05.883,259.5
502,2019-05-31 17:00:03.220,265.0
503,2019-05-30 17:00:05.413,264.0
504,2019-05-29 17:00:02.970,269.0
505,2019-05-28 17:00:07.493,276.5
506,2019-05-27 17:00:03.077,280.0
507,2019-05-24 17:00:04.130,279.5
508,2019-05-23 17:11:03.840,283.0
509,2019-05-22 17:00:02.920,287.5
510,2019-05-21 17:00:05.827,295.0
511,2019-05-20 17:00:02.863,298.5
512,2019-05-17 17:00:02.897,297.0
513,2019-05-16 17:08:44.067,299.5
514,2019-05-15 17:00:02.897,291.0
515,2019-05-14 17:00:04.163,293.0
516,2019-05-13 17:00:03.393,299.5
517,2019-05-10 17:00:03.077,304.5
518,2019-05-09 17:00:03.037,307.0
519,2019-05-08 17:05:14.993,306.5
520,2019-05-07 17:00:03.053,303.5
521,2019-05-06 17:00:02.933,302.5
522,2019-05-03 17:00:03.010,302.5
523,2019-05-02 17:00:02.990,293.5
524,2019-04-30 17:00:02.843,288.5
525,2019-04-29 17:00:03.263,268.0
526,2019-04-26 17:00:03.340,265.0
527,2019-04-25 17:00:06.353,263.5
528,2019-04-24 17:00:04.497,270.0
529,2019-04-23 17:00:03.517,291.0
530,2019-04-22 17:00:02.477,293.5
531,2019-04-17 17:00:02.473,296.5
532,2019-04-16 17:00:02.737,294.5
533,2019-04-15 17:00:03.530,296.5
534,2019-04-12 17:00:02.653,299.0
535,2019-04-11 17:00:03.737,299.5
536,2019-04-10 17:00:02.427,305.0
537,2019-04-09 17:00:02.413,303.5
538,2019-04-08 17:00:04.143,310.5
539,2019-04-05 17:00:03.820,309.0
540,2019-04-04 17:00:04.147,306.5
541,2019-04-03 17:00:04.280,309.0
542,2019-04-01 17:00:04.257,320.5
543,2019-03-29 17:00:04.680,322.0
544,2019-03-28 17:00:02.393,315.0
545,2019-03-27 17:00:04.087,306.0
546,2019-03-26 17:00:04.173,313.0
547,2019-03-25 17:00:05.637,327.5
548,2019-03-22 17:00:03.937,324.0
549,2019-03-21 17:08:27.660,326.5
550,2019-03-20 17:00:02.500,326.5
551,2019-03-19 17:00:05.073,330.5
552,2019-03-18 17:00:02.607,333.5
553,2019-03-15 17:00:02.467,332.5
554,2019-03-14 17:00:03.690,332.5
555,2019-03-13 17:00:03.697,335.5
556,2019-03-12 17:00:03.780,332.5
557,2019-03-11 17:00:04.537,332.5
558,2019-03-08 17:00:04.457,339.0
559,2019-03-07 17:00:02.550,328.5
560,2019-03-06 17:00:02.493,335.5
561,2019-03-01 17:00:03.283,347.5
562,2019-02-28 17:00:02.800,356.0
563,2019-02-27 17:00:02.557,365.0
564,2019-02-26 17:00:02.640,368.0
565,2019-02-25 17:00:03.807,371.5
566,2019-02-22 17:00:04.197,366.5
567,2019-02-21 17:00:03.887,365.0
568,2019-02-20 17:00:04.457,366.5
569,2019-02-19 17:00:04.693,377.0
570,2019-02-18 17:00:02.777,385.5
571,2019-02-15 17:00:04.237,386.0
572,2019-02-14 17:00:03.990,386.5
573,2019-02-13 17:00:03.740,386.5
574,2019-02-12 17:00:04.520,387.5
575,2019-02-11 17:00:04.163,385.0
576,2019-02-08 17:00:04.270,387.5
577,2019-02-07 17:11:49.533,377.0
578,2019-02-06 17:00:02.807,379.5
579,2019-02-05 17:00:05.223,384.5
580,2019-02-04 17:00:05.513,374.0
581,2019-02-01 17:14:25.273,377.5
582,2019-01-31 17:00:05.513,382.5
583,2019-01-30 17:00:04.567,381.0
584,2019-01-29 17:00:04.030,370.5
585,2019-01-28 17:00:04.803,377.0
586,2019-01-25 17:00:02.880,380.0
587,2019-01-24 17:00:02.823,386.0
588,2019-01-23 17:00:02.607,383.5
589,2019-01-22 17:00:03.930,382.5
590,2019-01-21 17:00:04.653,390.5
591,2019-01-18 17:00:04.640,386.0
592,2019-01-17 17:00:03.827,379.5
593,2019-01-16 17:00:04.387,379.5
594,2019-01-15 17:00:04.347,377.5
595,2019-01-14 17:00:04.410,371.0
596,2019-01-11 17:00:02.927,365.0
597,2019-01-10 17:00:04.707,367.5
598,2019-01-09 17:00:04.837,369.5
599,2019-01-08 17:00:04.760,366.0
600,2019-01-07 17:00:04.063,372.5
601,2019-01-04 17:00:03.340,363.7
602,2019-01-03 17:00:02.827,364.65
603,2019-01-02 17:00:03.793,370.3
604,2018-12-28 17:00:04.530,378.4
605,2018-12-27 17:00:03.607,352.25
606,2018-12-26 17:00:04.423,341.4
607,2018-12-21 17:00:03.510,340.75
608,2018-12-20 17:00:02.973,339.75
609,2018-12-19 16:59:59.503,343.05
610,2018-12-18 17:00:02.800,343.95
611,2018-12-17 17:00:02.803,353.0
612,2018-12-14 17:00:04.093,361.2
613,2018-12-13 17:00:02.883,360.0
614,2018-12-12 17:00:02.810,363.3
615,2018-12-11 17:00:01.243,358.2
616,2018-12-10 17:00:02.820,357.3
617,2018-12-07 17:00:03.163,366.45
618,2018-12-06 17:00:05.743,361.1
619,2018-12-05 17:00:04.130,367.55
620,2018-12-04 17:00:04.923,364.95
621,2018-12-03 17:00:02.853,367.2
622,2018-11-29 15:00:05.090,360.15
623,2018-11-28 17:00:04.053,348.6
624,2018-11-27 17:00:02.840,339.55
625,2018-11-26 17:00:02.880,349.35
626,2018-11-23 17:00:02.887,355.05
627,2018-11-22 17:00:02.903,357.1
628,2018-11-21 17:00:02.890,355.95
629,2018-11-20 17:09:29.177,356.25
630,2018-11-16 17:00:02.907,378.0
631,2018-11-15 17:00:02.907,372.8
632,2018-11-14 17:00:02.907,364.45
633,2018-11-13 17:00:03.110,363.35
634,2018-11-12 17:00:03.840,357.95
635,2018-11-09 17:00:02.940,363.05
636,2018-11-08 17:00:02.923,382.9
637,2018-11-07 17:00:02.897,390.15
638,2018-11-06 17:00:01.463,386.25
639,2018-11-05 17:12:11.237,373.1
640,2018-11-02 17:00:02.930,352.1
641,2018-11-01 17:00:03.080,345.05
642,2018-10-31 17:00:03.083,336.3
643,2018-10-30 17:00:02.907,339.45
644,2018-10-29 17:00:03.027,337.25
645,2018-10-26 17:00:02.617,343.8
646,2018-10-25 17:00:02.633,343.5
647,2018-10-24 17:00:02.657,336.85
648,2018-10-23 17:00:02.637,341.35
649,2018-10-22 17:00:02.640,338.0
650,2018-10-19 17:00:02.640,342.65
651,2018-10-18 17:00:02.687,338.6
652,2018-10-17 17:00:02.700,338.1
653,2018-10-16 17:00:02.807,340.0
654,2018-10-12 17:00:02.683,339.05
655,2018-10-11 17:00:02.700,334.5
656,2018-10-10 17:00:03.013,354.95
657,2018-10-09 17:00:02.690,355.35
658,2018-10-08 17:00:02.690,355.3
659,2018-10-05 17:06:02.603,345.65
660,2018-10-04 17:00:04.433,360.0
661,2018-10-03 17:00:03.997,360.45
662,2018-10-02 17:00:02.813,360.35
663,2018-10-01 17:00:03.217,361.25
664,2018-09-28 17:00:02.617,359.85
665,2018-09-27 17:00:03.373,369.4
666,2018-09-26 17:00:02.863,379.85
667,2018-09-25 17:00:02.910,380.6
668,2018-09-24 17:00:02.750,375.2
669,2018-09-21 17:00:03.480,378.5
670,2018-09-20 17:00:03.677,390.2
671,2018-09-19 17:00:04.593,368.7
672,2018-09-18 17:00:03.693,343.85
673,2018-09-17 17:00:03.907,336.35
674,2018-09-14 17:00:03.367,333.6
675,2018-09-13 17:00:03.910,330.45
676,2018-09-12 17:00:04.027,331.05
677,2018-09-11 17:00:03.883,333.35
678,2018-09-10 17:00:03.900,335.55
679,2018-09-07 17:00:03.793,346.35
680,2018-09-06 17:00:03.880,351.8
681,2018-09-05 17:00:06.820,348.85
682,2018-09-04 17:00:04.377,338.05
683,2018-09-03 17:00:05.753,354.05
684,2018-08-31 17:00:04.430,373.0
685,2018-08-30 17:00:04.317,322.55
686,2018-08-29 17:00:04.110,318.65
687,2018-08-28 17:00:03.813,322.4
688,2018-08-27 17:00:04.150,335.15
689,2018-08-24 17:00:04.510,345.3
690,2018-08-23 17:00:05.780,359.8
691,2018-08-22 17:00:04.663,368.95
692,2018-08-21 17:00:04.917,368.0
693,2018-08-17 17:00:04.337,365.25
694,2018-08-16 17:00:04.250,375.8
695,2018-08-15 17:00:04.777,374.45
696,2018-08-14 17:00:04.107,352.3
697,2018-08-13 17:00:04.587,353.85
698,2018-08-10 17:00:04.150,359.9
699,2018-08-09 17:00:04.263,349.65
700,2018-08-08 17:00:04.283,342.55
701,2018-08-07 17:00:03.987,365.25
702,2018-08-06 17:08:02.330,377.25
703,2018-08-03 17:00:03.870,380.0
704,2018-08-02 17:00:04.123,379.6
705,2018-08-01 17:00:03.493,385.3
706,2018-07-31 17:00:03.200,385.7
707,2018-07-30 17:00:03.803,385.75
708,2018-07-27 17:00:04.067,381.9
709,2018-07-26 17:00:05.443,381.55
710,2018-07-25 17:00:03.717,379.8
711,2018-07-24 17:00:03.897,367.9
712,2018-07-23 17:00:04.370,366.1
713,2018-07-20 17:00:04.047,366.9
714,2018-07-19 17:00:03.480,355.3
715,2018-07-18 17:00:03.063,360.05
716,2018-07-17 17:00:04.513,363.4
717,2018-07-16 17:00:02.690,367.0
718,2018-07-13 17:00:05.103,365.7
719,2018-07-12 17:00:03.547,367.9
720,2018-07-11 17:00:03.970,381.15
721,2018-07-10 17:00:03.307,386.7
722,2018-07-06 17:00:03.360,389.45
723,2018-07-05 17:00:04.137,380.05
724,2018-07-04 17:00:03.300,372.5
725,2018-07-03 17:00:04.880,372.1
726,2018-07-02 17:00:02.903,339.65
727,2018-06-29 17:00:03.800,344.8
728,2018-06-28 17:00:03.410,353.65
729,2018-06-27 17:00:06.850,343.6
730,2018-06-26 17:00:03.177,374.2
731,2018-06-25 17:00:03.177,385.35
732,2018-06-22 17:00:03.123,395.5
733,2018-06-21 17:00:03.353,399.85
734,2018-06-19 17:00:02.237,343.45
735,2018-06-18 17:00:04.213,314.7
736,2018-06-15 17:00:04.323,351.0
737,2018-06-14 17:00:03.693,355.45
738,2018-06-13 17:00:05.187,368.0
739,2018-06-12 17:00:03.660,390.2
740,2018-06-11 17:00:02.963,405.45
741,2018-06-08 17:00:03.760,400.3
742,2018-06-07 17:00:03.793,388.15
743,2018-06-06 17:00:04.533,397.95
744,2018-06-05 17:00:13.413,399.4
745,2018-06-04 17:00:05.107,374.2
746,2018-06-01 17:00:03.870,349.15
747,2018-05-31 17:00:03.283,332.05
748,2018-05-30 17:00:04.523,320.25
749,2018-05-29 17:00:02.323,318.95
750,2018-05-28 17:00:05.780,331.6
751,2018-05-24 17:00:04.060,330.55
752,2018-05-23 17:00:03.780,346.05
753,2018-05-22 17:00:03.030,365.25
754,2018-05-21 17:00:03.753,372.1
755,2018-05-18 17:00:03.153,369.9
756,2018-05-17 17:00:05.020,373.85
757,2018-05-16 17:00:04.387,380.8
758,2018-05-15 17:00:14.970,349.9
759,2018-05-14 17:00:04.343,340.2
760,2018-05-11 17:00:12.217,347.75
761,2018-05-10 17:00:10.237,353.4
762,2018-05-09 17:06:57.987,340.05
763,2018-05-08 17:00:25.763,311.05
764,2018-05-07 17:00:03.953,315.8
765,2018-05-04 17:00:03.663,334.1
766,2018-05-03 17:08:18.893,329.65
767,2018-05-02 17:00:03.733,359.45
768,2018-04-27 17:00:15.017,374.95
769,2018-04-26 17:00:04.833,359.9
770,2018-04-25 17:00:03.267,376.75
771,2018-04-24 17:00:04.307,381.7
772,2018-04-23 17:00:05.617,386.6
773,2018-04-20 17:00:02.910,389.7
774,2018-04-19 17:00:03.570,389.05
775,2018-04-18 17:00:03.590,394.4
776,2018-04-17 17:00:03.597,395.7
777,2018-04-16 17:00:03.077,390.35
778,2018-04-13 17:00:03.583,403.6
779,2018-04-12 17:00:04.067,411.2
780,2018-04-11 17:00:04.293,418.55
781,2018-04-10 17:00:03.237,432.3
782,2018-04-09 16:59:20.450,424.5
783,2018-04-06 17:00:02.767,421.2
784,2018-04-05 17:00:03.503,422.65
785,2018-04-04 17:00:03.563,415.4
786,2018-04-03 17:00:03.937,414.1
787,2018-03-28 17:00:04.920,397.65
788,2018-03-27 16:54:39.180,391.5
789,2018-03-26 17:00:02.647,396.75
790,2018-03-23 17:00:03.270,382.75
791,2018-03-22 17:00:05.437,385.3
792,2018-03-21 17:00:04.143,390.25
793,2018-03-20 17:00:03.247,389.0
794,2018-03-19 17:06:16.540,388.65
795,2018-03-16 17:00:03.180,395.35
796,2018-03-15 17:00:04.757,393.8
797,2018-03-14 17:00:02.610,382.35
798,2018-03-13 17:00:04.117,367.7
799,2018-03-12 17:00:04.277,359.6
800,2018-03-09 17:00:05.200,359.85
801,2018-03-08 17:00:08.237,355.6
802,2018-03-07 17:00:03.030,354.05
803,2018-03-06 17:00:03.817,356.3
804,2018-03-05 17:00:03.953,354.6
805,2018-03-02 17:00:10.423,356.8
806,2018-03-01 17:00:04.520,353.1
807,2018-02-28 17:01:26.670,359.1
808,2018-02-27 17:00:05.410,348.15
809,2018-02-26 17:00:02.827,348.7
810,2018-02-23 17:00:07.487,320.05
811,2018-02-22 17:00:04.523,324.1
812,2018-02-21 17:00:03.477,328.55
813,2018-02-20 16:39:43.603,331.75
814,2018-02-19 17:00:04.867,334.0
815,2018-02-16 17:00:03.263,326.75
816,2018-02-15 17:00:03.807,317.25
817,2018-02-14 17:00:03.843,312.0
818,2018-02-09 17:00:06.253,300.8
819,2018-02-08 17:00:02.907,317.45
820,2018-02-07 17:00:30.817,319.8
821,2018-02-06 17:00:04.567,319.85
822,2018-02-05 17:00:06.070,329.5
823,2018-02-02 17:00:08.317,342.4
824,2018-02-01 17:00:06.340,352.3
825,2018-01-31 17:00:06.870,359.7
826,2018-01-30 17:00:05.200,343.65
827,2018-01-29 17:00:03.763,348.35
828,2018-01-26 17:00:03.347,354.65
829,2018-01-25 17:00:03.453,359.2
830,2018-01-24 17:00:04.520,351.1
831,2018-01-23 17:00:05.223,335.0
832,2018-01-22 17:00:05.250,325.5
833,2018-01-19 17:00:10.310,335.0
834,2018-01-18 17:00:05.143,336.5
835,2018-01-17 16:55:17.260,330.0
836,2018-01-16 17:00:04.013,332.6
837,2018-01-15 17:00:03.387,335.9
838,2018-01-12 17:00:05.320,331.5
839,2018-01-11 17:00:04.070,319.15
840,2018-01-10 17:00:03.643,317.45
841,2018-01-09 17:00:03.657,318.1
842,2018-01-08 17:00:03.357,324.45
843,2018-01-05 17:00:03.350,325.85
844,2018-01-04 17:00:06.737,323.9
845,2018-01-03 17:00:07.063,332.25
846,2018-01-02 17:00:05.450,346.6
847,2017-12-29 17:00:48.027,340.0
848,2017-12-28 17:00:34.520,335.0
849,2017-12-27 17:00:50.190,322.0
850,2017-12-26 17:00:44.090,320.05
851,2017-12-22 17:00:43.427,319.95
852,2017-12-21 17:00:55.327,317.95
853,2017-12-20 17:00:37.467,315.0
854,2017-12-19 17:01:09.570,300.0
855,2017-12-18 17:00:35.197,286.5
856,2017-12-15 17:00:33.000,280.0
857,2017-12-14 17:00:44.330,274.0
858,2017-12-13 17:00:45.757,270.0
859,2017-12-12 17:00:56.947,271.75
860,2017-12-11 17:00:49.380,273.0
861,2017-12-07 16:55:01.957,273.0
862,2017-12-06 16:56:33.247,262.0
863,2017-12-05 16:56:57.123,257.0
864,2017-12-04 17:00:34.357,247.0
865,2017-12-01 17:00:40.667,247.0
866,2017-11-30 17:00:48.227,244.0
867,2017-11-29 17:00:43.613,244.0
868,2017-11-28 17:00:43.567,246.0
869,2017-11-27 16:56:00.460,246.5
870,2017-11-24 17:00:31.510,248.0
871,2017-11-23 17:01:04.057,245.0
872,2017-11-22 16:48:54.503,244.8
873,2017-11-21 17:00:47.357,248.0
874,2017-11-17 17:00:36.913,237.25
875,2017-11-16 17:00:31.173,241.25
876,2017-11-15 17:00:52.450,239.9
877,2017-11-14 17:00:38.487,225.0
878,2017-11-13 17:00:46.643,226.0
879,2017-11-10 17:00:44.503,225.0
880,2017-11-09 17:00:58.757,232.0
881,2017-11-08 17:01:07.597,237.5
882,2017-11-07 17:00:53.767,242.5
883,2017-11-03 17:00:40.527,245.9
884,2017-11-02 17:00:48.363,249.0
885,2017-11-01 17:00:46.943,246.0
886,2017-10-31 17:00:53.740,235.5
887,2017-10-30 17:00:41.620,230.0
888,2017-10-27 17:00:42.070,237.2
889,2017-10-26 17:00:47.253,247.5
890,2017-10-25 17:00:37.097,231.95
891,2017-10-24 17:00:56.987,231.8
892,2017-10-23 17:00:49.607,226.0
893,2017-10-20 17:00:35.660,220.5
894,2017-10-19 17:00:58.800,207.5
895,2017-10-18 16:56:39.030,195.0
896,2017-10-17 17:01:05.560,190.0
897,2017-10-13 17:01:07.273,188.5
898,2017-10-12 17:00:56.983,186.5
899,2017-10-11 17:00:56.750,189.0
900,2017-10-10 16:56:05.207,187.0
901,2017-10-09 17:00:44.517,189.0
902,2017-10-06 17:00:51.410,188.0
903,2017-10-05 17:01:00.823,189.8
904,2017-10-04 17:00:43.277,187.0
905,2017-10-03 17:00:15.000,184.0
906,2017-10-02 17:01:02.303,183.0
907,2017-09-29 17:00:54.527,182.0
908,2017-09-28 17:00:40.737,179.8
909,2017-09-27 17:00:52.913,176.0
910,2017-09-26 17:00:46.327,176.5
911,2017-09-25 17:00:56.737,178.5
912,2017-09-22 17:00:47.077,179.0
913,2017-09-21 17:00:38.483,172.45
914,2017-09-20 17:00:37.107,167.0
915,2017-09-19 17:00:41.963,165.5
916,2017-09-18 17:00:36.403,159.4
917,2017-09-15 17:00:38.330,159.9
918,2017-09-14 17:00:31.707,159.2
919,2017-09-13 17:00:37.830,159.0
920,2017-09-12 17:00:42.730,153.05
921,2017-09-11 17:00:41.783,150.0
922,2017-09-08 17:00:43.750,149.5
923,2017-09-07 00:00:00.000,144.0
924,2017-09-06 00:00:00.000,142.75
925,2017-09-05 00:00:00.000,139.99
926,2017-09-04 00:00:00.000,141.9
927,2017-09-01 00:00:00.000,141.25
928,2017-08-31 00:00:00.000,139.0
929,2017-08-30 00:00:00.000,138.0
930,2017-08-29 00:00:00.000,138.0
931,2017-08-28 00:00:00.000,138.7
932,2017-08-25 00:00:00.000,140.0
933,2017-08-24 00:00:00.000,140.75
934,2017-08-23 00:00:00.000,140.4
935,2017-08-22 00:00:00.000,140.0
936,2017-08-18 00:00:00.000,140.0
937,2017-08-17 00:00:00.000,140.3
938,2017-08-16 00:00:00.000,139.0
939,2017-08-15 00:00:00.000,139.5
940,2017-08-14 00:00:00.000,141.8
941,2017-08-11 00:00:00.000,140.0
942,2017-08-10 00:00:00.000,137.0
943,2017-08-09 00:00:00.000,135.0
944,2017-08-08 00:00:00.000,139.8
945,2017-08-07 00:00:00.000,141.0
946,2017-08-04 00:00:00.000,141.0
947,2017-08-03 00:00:00.000,140.0
948,2017-08-02 00:00:00.000,139.5
949,2017-08-01 00:00:00.000,141.0
950,2017-07-31 00:00:00.000,141.25
951,2017-07-28 00:00:00.000,141.0
952,2017-07-27 00:00:00.000,140.85
953,2017-07-26 00:00:00.000,140.0
954,2017-07-25 00:00:00.000,139.0
955,2017-07-24 00:00:00.000,140.0
956,2017-07-21 00:00:00.000,139.75
957,2017-07-20 00:00:00.000,139.5
958,2017-07-19 00:00:00.000,142.0
959,2017-07-18 00:00:00.000,138.0
960,2017-07-17 00:00:00.000,138.5
961,2017-07-14 00:00:00.000,138.5
962,2017-07-13 00:00:00.000,134.0
963,2017-07-12 00:00:00.000,129.5
964,2017-07-11 00:00:00.000,131.3
965,2017-07-10 00:00:00.000,133.5
966,2017-07-07 00:00:00.000,135.1
967,2017-07-06 00:00:00.000,135.45
968,2017-07-05 00:00:00.000,139.3
969,2017-07-04 00:00:00.000,139.6
970,2017-07-03 00:00:00.000,141.8
971,2017-06-30 00:00:00.000,145.5
972,2017-06-29 00:00:00.000,147.0
973,2017-06-28 00:00:00.000,149.2
974,2017-06-27 00:00:00.000,150.0
975,2017-06-26 00:00:00.000,149.7
976,2017-06-23 00:00:00.000,150.5
977,2017-06-22 00:00:00.000,150.75
978,2017-06-21 00:00:00.000,148.5
979,2017-06-19 00:00:00.000,158.75
980,2017-06-16 00:00:00.000,160.4
981,2017-06-15 00:00:00.000,161.35
982,2017-06-14 00:00:00.000,161.75
983,2017-06-13 00:00:00.000,158.75
984,2017-06-12 00:00:00.000,158.0
985,2017-06-09 00:00:00.000,162.9
986,2017-06-08 00:00:00.000,161.1
987,2017-06-07 00:00:00.000,163.5
988,2017-06-06 00:00:00.000,164.5
989,2017-06-05 00:00:00.000,153.6
990,2017-06-02 00:00:00.000,155.95
991,2017-06-01 00:00:00.000,158.0
992,2017-05-31 00:00:00.000,167.2
993,2017-05-30 00:00:00.000,159.4
994,2017-05-29 00:00:00.000,177.1
995,2017-05-26 00:00:00.000,189.5
996,2017-05-24 00:00:00.000,170.95
997,2017-05-23 00:00:00.000,150.0
998,2017-05-22 00:00:00.000,0.0
999,2017-05-19 00:00:00.000,0.0
1000,2017-05-18 00:00:00.000,0.0
1001,2017-05-17 00:00:00.000,0.0
1002,2017-05-16 00:00:00.000,0.0
1003,2017-05-15 00:00:00.000,0.0
1004,2017-05-12 00:00:00.000,0.0
1005,2017-05-11 00:00:00.000,0.0
1006,2017-05-10 00:00:00.000,0.0
1007,2017-05-09 00:00:00.000,0.0
1008,2017-05-08 00:00:00.000,0.0
1009,2017-05-05 00:00:00.000,0.0
1010,2017-05-04 00:00:00.000,0.0
1011,2017-05-03 00:00:00.000,0.0
1012,2017-05-02 00:00:00.000,0.0
1013,2017-04-28 00:00:00.000,0.0
1014,2017-04-27 00:00:00.000,0.0
1015,2017-04-26 00:00:00.000,0.0
1016,2017-04-25 00:00:00.000,0.0
1017,2017-04-24 00:00:00.000,0.0
1018,2017-04-21 00:00:00.000,0.0
1019,2017-04-20 00:00:00.000,0.0
1020,2017-04-19 00:00:00.000,0.0
1021,2017-04-18 00:00:00.000,0.0
1022,2017-04-17 00:00:00.000,0.0
1023,2017-04-12 00:00:00.000,0.0
1024,2017-04-11 00:00:00.000,0.0
1025,2017-04-10 00:00:00.000,0.0
1026,2017-04-07 00:00:00.000,0.0
1027,2017-04-06 00:00:00.000,0.0
1028,2017-04-05 00:00:00.000,0.0
1029,2017-04-04 00:00:00.000,0.0
1030,2017-04-03 00:00:00.000,0.0
1031,2017-03-31 00:00:00.000,0.0
1032,2017-03-30 00:00:00.000,0.0
1033,2017-03-29 00:00:00.000,0.0
1034,2017-03-28 00:00:00.000,0.0
1035,2017-03-27 00:00:00.000,0.0
1036,2017-03-23 00:00:00.000,0.0
1037,2017-03-22 00:00:00.000,0.0
1038,2017-03-21 00:00:00.000,0.0
1039,2017-03-20 00:00:00.000,0.0
1040,2017-03-17 00:00:00.000,0.0
1041,2017-03-16 00:00:00.000,0.0
1042,2017-03-15 00:00:00.000,0.0
1043,2017-03-14 00:00:00.000,0.0
1044,2017-03-13 00:00:00.000,0.0
1045,2017-03-10 00:00:00.000,0.0
1046,2017-03-09 00:00:00.000,0.0
1047,2017-03-08 00:00:00.000,0.0
1048,2017-03-07 00:00:00.000,0.0
1049,2017-03-06 00:00:00.000,0.0
1050,2017-03-03 00:00:00.000,0.0
1051,2017-03-02 00:00:00.000,0.0
1052,2017-03-01 00:00:00.000,0.0
1053,2017-02-24 00:00:00.000,0.0
1054,2017-02-23 00:00:00.000,0.0
1055,2017-02-22 00:00:00.000,0.0
1056,2017-02-21 00:00:00.000,0.0
1057,2017-02-20 00:00:00.000,0.0
1058,2017-02-17 00:00:00.000,0.0
1059,2017-02-16 00:00:00.000,0.0
1060,2017-02-15 00:00:00.000,0.0
1061,2017-02-14 00:00:00.000,0.0
1062,2017-02-13 00:00:00.000,0.0
1063,2017-02-10 00:00:00.000,0.0
1064,2017-02-09 00:00:00.000,0.0
1065,2017-02-08 00:00:00.000,0.0
1066,2017-02-07 00:00:00.000,0.0
1067,2017-02-06 00:00:00.000,0.0
1068,2017-02-03 00:00:00.000,0.0
1069,2017-02-02 00:00:00.000,0.0
1070,2017-02-01 00:00:00.000,0.0
1071,2017-01-31 00:00:00.000,0.0
1072,2017-01-30 00:00:00.000,0.0
1073,2017-01-27 00:00:00.000,0.0
1074,2017-01-26 00:00:00.000,0.0
1075,2017-01-25 00:00:00.000,0.0
1076,2017-01-24 00:00:00.000,0.0
1077,2017-01-23 00:00:00.000,0.0
1078,2017-01-20 00:00:00.000,0.0
1079,2017-01-19 00:00:00.000,0.0
1080,2017-01-18 00:00:00.000,0.0
1081,2017-01-17 00:00:00.000,0.0
1082,2017-01-16 00:00:00.000,0.0
1083,2017-01-13 00:00:00.000,0.0
1084,2017-01-12 00:00:00.000,0.0
1085,2017-01-11 00:00:00.000,0.0
1086,2017-01-10 00:00:00.000,0.0
1087,2017-01-09 00:00:00.000,0.0
1088,2017-01-06 00:00:00.000,0.0
1089,2017-01-05 00:00:00.000,0.0
1090,2017-01-04 00:00:00.000,0.0
1091,2017-01-03 00:00:00.000,0.0
1092,2017-01-02 00:00:00.000,0.0
1093,2016-12-30 00:00:00.000,0.0
1094,2016-12-29 00:00:00.000,0.0
1095,2016-12-28 00:00:00.000,0.0
1096,2016-12-27 00:00:00.000,0.0
1097,2016-12-26 00:00:00.000,0.0
1098,2016-12-23 00:00:00.000,0.0
1099,2016-12-22 00:00:00.000,0.0
1100,2016-12-21 00:00:00.000,0.0
1101,2016-12-20 00:00:00.000,0.0
1102,2016-12-19 00:00:00.000,0.0
1103,2016-12-16 00:00:00.000,0.0
1104,2016-12-15 00:00:00.000,0.0
1105,2016-12-14 00:00:00.000,0.0
1106,2016-12-13 00:00:00.000,0.0
1107,2016-12-12 00:00:00.000,0.0
1108,2016-12-07 00:00:00.000,0.0
1109,2016-12-06 00:00:00.000,0.0
1110,2016-12-05 00:00:00.000,0.0
1111,2016-12-02 00:00:00.000,0.0
1112,2016-12-01 00:00:00.000,0.0
1113,2016-11-30 00:00:00.000,0.0
1114,2016-11-29 00:00:00.000,0.0
1115,2016-11-25 00:00:00.000,0.0
1116,2016-11-24 00:00:00.000,0.0
1117,2016-11-23 00:00:00.000,0.0
1118,2016-11-22 00:00:00.000,0.0
1119,2016-11-21 00:00:00.000,0.0
1120,2016-11-18 00:00:00.000,0.0
1121,2016-11-17 00:00:00.000,0.0
1122,2016-11-16 00:00:00.000,0.0
1123,2016-11-15 00:00:00.000,0.0
1124,2016-11-14 00:00:00.000,0.0
1125,2016-11-11 00:00:00.000,0.0
1126,2016-11-10 00:00:00.000,0.0
1127,2016-11-09 00:00:00.000,0.0
1128,2016-11-08 00:00:00.000,0.0
1129,2016-11-07 00:00:00.000,0.0
1130,2016-11-04 00:00:00.000,0.0
1131,2016-11-03 00:00:00.000,0.0
1132,2016-11-02 00:00:00.000,0.0
1133,2016-11-01 00:00:00.000,0.0
1134,2016-10-31 00:00:00.000,0.0
1135,2016-10-28 00:00:00.000,0.0
1136,2016-10-27 00:00:00.000,0.0
1137,2016-10-26 00:00:00.000,0.0
1138,2016-10-25 00:00:00.000,0.0
1139,2016-10-24 00:00:00.000,0.0
1140,2016-10-21 00:00:00.000,0.0
1141,2016-10-20 00:00:00.000,0.0
1142,2016-10-19 00:00:00.000,0.0
1143,2016-10-18 00:00:00.000,0.0
1144,2016-10-17 00:00:00.000,0.0
1145,2016-10-14 00:00:00.000,0.0
1146,2016-10-13 00:00:00.000,0.0
1147,2016-10-12 00:00:00.000,0.0
1148,2016-10-11 00:00:00.000,0.0
1149,2016-10-07 00:00:00.000,0.0
1150,2016-10-06 00:00:00.000,0.0
1151,2016-10-05 00:00:00.000,0.0
1152,2016-10-04 00:00:00.000,0.0
1153,2016-10-03 00:00:00.000,0.0
1154,2016-09-30 00:00:00.000,0.0
1155,2016-09-29 00:00:00.000,0.0
1156,2016-09-28 00:00:00.000,0.0
1157,2016-09-27 00:00:00.000,0.0
1158,2016-09-26 00:00:00.000,0.0
1159,2016-09-23 00:00:00.000,0.0
1160,2016-09-22 00:00:00.000,0.0
1161,2016-09-21 00:00:00.000,0.0
1162,2016-09-20 00:00:00.000,0.0
1163,2016-09-19 00:00:00.000,0.0
1164,2016-09-16 00:00:00.000,0.0
1165,2016-09-15 00:00:00.000,0.0
1166,2016-09-14 00:00:00.000,0.0
1167,2016-09-13 00:00:00.000,0.0
1168,2016-09-12 00:00:00.000,0.0
1169,2016-09-09 00:00:00.000,0.0
1170,2016-09-08 00:00:00.000,0.0
1171,2016-09-07 00:00:00.000,0.0
1172,2016-09-06 00:00:00.000,0.0
1173,2016-09-05 00:00:00.000,0.0
1174,2016-09-02 00:00:00.000,0.0
1175,2016-09-01 00:00:00.000,0.0
1176,2016-08-31 00:00:00.000,0.0
1177,2016-08-30 00:00:00.000,0.0
1178,2016-08-29 00:00:00.000,0.0
1179,2016-08-26 00:00:00.000,0.0
1180,2016-08-25 00:00:00.000,0.0
1181,2016-08-24 00:00:00.000,0.0
1182,2016-08-23 00:00:00.000,0.0
1183,2016-08-22 00:00:00.000,0.0
1184,2016-08-19 00:00:00.000,0.0
1185,2016-08-18 00:00:00.000,0.0
1186,2016-08-17 00:00:00.000,0.0
1187,2016-08-16 00:00:00.000,0.0
1188,2016-08-12 00:00:00.000,0.0
1189,2016-08-11 00:00:00.000,0.0
1190,2016-08-10 00:00:00.000,0.0
1191,2016-08-09 00:00:00.000,0.0
1192,2016-08-08 00:00:00.000,0.0
1193,2016-08-05 00:00:00.000,0.0
1194,2016-08-04 00:00:00.000,0.0
1195,2016-08-03 00:00:00.000,0.0
1196,2016-08-02 00:00:00.000,0.0
1197,2016-08-01 00:00:00.000,0.0
1198,2016-07-29 00:00:00.000,0.0
1199,2016-07-28 00:00:00.000,0.0
1200,2016-07-27 00:00:00.000,0.0
1201,2016-07-26 00:00:00.000,0.0
1202,2016-07-25 00:00:00.000,0.0
1203,2016-07-22 00:00:00.000,0.0
1204,2016-07-21 00:00:00.000,0.0
1205,2016-07-20 00:00:00.000,0.0
1206,2016-07-19 00:00:00.000,0.0
1207,2016-07-18 00:00:00.000,0.0
1208,2016-07-15 00:00:00.000,0.0
1209,2016-07-14 00:00:00.000,0.0
1210,2016-07-13 00:00:00.000,0.0
1211,2016-07-12 00:00:00.000,0.0
1212,2016-07-11 00:00:00.000,0.0
1213,2016-07-07 00:00:00.000,0.0
1214,2016-07-06 00:00:00.000,0.0
1215,2016-07-05 00:00:00.000,0.0
1216,2016-07-04 00:00:00.000,0.0
1217,2016-07-01 00:00:00.000,0.0
1218,2016-06-30 00:00:00.000,0.0
1219,2016-06-29 00:00:00.000,0.0
1220,2016-06-28 00:00:00.000,0.0
1221,2016-06-27 00:00:00.000,0.0
1222,2016-06-24 00:00:00.000,0.0
1223,2016-06-23 00:00:00.000,0.0
1224,2016-06-22 00:00:00.000,0.0
1225,2016-06-21 00:00:00.000,0.0
1226,2016-06-16 00:00:00.000,0.0
1227,2016-06-15 00:00:00.000,0.0
1228,2016-06-14 00:00:00.000,0.0
1229,2016-06-13 00:00:00.000,0.0
1230,2016-06-10 00:00:00.000,0.0
1231,2016-06-09 00:00:00.000,0.0
1232,2016-06-08 00:00:00.000,0.0
1233,2016-06-07 00:00:00.000,0.0
1234,2016-06-06 00:00:00.000,0.0
1235,2016-06-03 00:00:00.000,0.0
1236,2016-06-02 00:00:00.000,0.0
1237,2016-06-01 00:00:00.000,0.0
1238,2016-05-31 00:00:00.000,0.0
1239,2016-05-30 00:00:00.000,0.0
1240,2016-05-27 00:00:00.000,0.0
1241,2016-05-26 00:00:00.000,0.0
1242,2016-05-24 00:00:00.000,0.0
1243,2016-05-23 00:00:00.000,0.0
1244,2016-05-20 00:00:00.000,0.0
1245,2016-05-19 00:00:00.000,0.0
1246,2016-05-18 00:00:00.000,0.0
1247,2016-05-17 00:00:00.000,0.0
1248,2016-05-16 00:00:00.000,0.0
1249,2016-05-13 00:00:00.000,0.0
1250,2016-05-12 00:00:00.000,0.0
1251,2016-05-11 00:00:00.000,0.0
1252,2016-05-10 00:00:00.000,0.0
1253,2016-05-09 00:00:00.000,0.0
1254,2016-05-06 00:00:00.000,0.0
1255,2016-05-05 00:00:00.000,0.0
1256,2016-05-04 00:00:00.000,0.0
1257,2016-05-03 00:00:00.000,0.0
1258,2016-05-02 00:00:00.000,0.0
1259,2016-04-29 00:00:00.000,0.0
1260,2016-04-28 00:00:00.000,0.0
1261,2016-04-27 00:00:00.000,0.0
1262,2016-04-26 00:00:00.000,0.0
1263,2016-04-25 00:00:00.000,0.0
1264,2016-04-22 00:00:00.000,0.0
1265,2016-04-21 00:00:00.000,0.0
1266,2016-04-20 00:00:00.000,0.0
1267,2016-04-19 00:00:00.000,0.0
1268,2016-04-18 00:00:00.000,0.0
1269,2016-04-15 00:00:00.000,0.0
1270,2016-04-14 00:00:00.000,0.0
1271,2016-04-13 00:00:00.000,0.0
1272,2016-04-12 00:00:00.000,0.0
1273,2016-04-11 00:00:00.000,0.0
1274,2016-04-08 00:00:00.000,0.0
1275,2016-04-07 00:00:00.000,0.0
1276,2016-04-06 00:00:00.000,0.0
1277,2016-04-05 00:00:00.000,0.0
1278,2016-04-04 00:00:00.000,0.0
1279,2016-04-01 00:00:00.000,0.0
1280,2016-03-31 00:00:00.000,0.0
1281,2016-03-30 00:00:00.000,0.0
1282,2016-03-29 00:00:00.000,0.0
1283,2016-03-28 00:00:00.000,0.0
1284,2016-03-23 00:00:00.000,0.0
1285,2016-03-22 00:00:00.000,0.0
1286,2016-03-21 00:00:00.000,0.0
1287,2016-03-18 00:00:00.000,0.0
1288,2016-03-17 00:00:00.000,0.0
1289,2016-03-16 00:00:00.000,0.0
1290,2016-03-15 00:00:00.000,0.0
1291,2016-03-14 00:00:00.000,0.0
1292,2016-03-11 00:00:00.000,0.0
1293,2016-03-10 00:00:00.000,0.0
1294,2016-03-09 00:00:00.000,0.0
1295,2016-03-08 00:00:00.000,0.0
1296,2016-03-07 00:00:00.000,0.0
1297,2016-03-04 00:00:00.000,0.0
1298,2016-03-03 00:00:00.000,0.0
1299,2016-03-02 00:00:00.000,0.0
1300,2016-03-01 00:00:00.000,0.0
1301,2016-02-29 00:00:00.000,0.0
1302,2016-02-26 00:00:00.000,0.0
1303,2016-02-25 00:00:00.000,0.0
1304,2016-02-24 00:00:00.000,0.0
1305,2016-02-23 00:00:00.000,0.0
1306,2016-02-22 00:00:00.000,0.0
1307,2016-02-19 00:00:00.000,0.0
1308,2016-02-18 00:00:00.000,0.0
1309,2016-02-17 00:00:00.000,0.0
1310,2016-02-16 00:00:00.000,0.0
1311,2016-02-15 00:00:00.000,0.0
1312,2016-02-12 00:00:00.000,0.0
1313,2016-02-11 00:00:00.000,0.0
1314,2016-02-10 00:00:00.000,0.0
1315,2016-02-05 00:00:00.000,0.0
1316,2016-02-04 00:00:00.000,0.0
1317,2016-02-03 00:00:00.000,0.0
1318,2016-02-02 00:00:00.000,0.0
1319,2016-02-01 00:00:00.000,0.0
1320,2016-01-29 00:00:00.000,0.0
1321,2016-01-28 00:00:00.000,0.0
1322,2016-01-27 00:00:00.000,0.0
1323,2016-01-26 00:00:00.000,0.0
1324,2016-01-25 00:00:00.000,0.0
1325,2016-01-22 00:00:00.000,0.0
1326,2016-01-21 00:00:00.000,0.0
1327,2016-01-20 00:00:00.000,0.0
1328,2016-01-19 00:00:00.000,0.0
1329,2016-01-18 00:00:00.000,0.0
1330,2016-01-15 00:00:00.000,0.0
1331,2016-01-14 00:00:00.000,0.0
1332,2016-01-13 00:00:00.000,0.0
1333,2016-01-12 00:00:00.000,0.0
1334,2016-01-11 00:00:00.000,0.0
1335,2016-01-08 00:00:00.000,0.0
1336,2016-01-07 00:00:00.000,0.0
1337,2016-01-06 00:00:00.000,0.0
1338,2016-01-05 00:00:00.000,0.0
1339,2016-01-04 00:00:00.000,0.0
1340,2015-12-30 00:00:00.000,0.0
1341,2015-12-29 00:00:00.000,0.0
1342,2015-12-28 00:00:00.000,0.0
1343,2015-12-23 00:00:00.000,0.0
1344,2015-12-22 00:00:00.000,0.0
1345,2015-12-21 00:00:00.000,0.0
1346,2015-12-18 00:00:00.000,0.0
1347,2015-12-17 00:00:00.000,0.0
1348,2015-12-16 00:00:00.000,0.0
1349,2015-12-15 00:00:00.000,0.0
1350,2015-12-14 00:00:00.000,0.0
1351,2015-12-11 00:00:00.000,0.0
1352,2015-12-10 00:00:00.000,0.0
1353,2015-12-09 00:00:00.000,0.0
1354,2015-12-04 00:00:00.000,0.0
1355,2015-12-03 00:00:00.000,0.0
1356,2015-12-02 00:00:00.000,0.0
1357,2015-12-01 00:00:00.000,0.0
1358,2015-11-30 00:00:00.000,0.0
1359,2015-11-27 00:00:00.000,0.0
1360,2015-11-26 00:00:00.000,0.0
1361,2015-11-25 00:00:00.000,0.0
1362,2015-11-24 00:00:00.000,0.0
1363,2015-11-20 00:00:00.000,0.0
1364,2015-11-19 00:00:00.000,0.0
1365,2015-11-18 00:00:00.000,0.0
1366,2015-11-17 00:00:00.000,0.0
1367,2015-11-16 00:00:00.000,0.0
1368,2015-11-13 00:00:00.000,0.0
1369,2015-11-12 00:00:00.000,0.0
1370,2015-11-11 00:00:00.000,0.0
1371,2015-11-10 00:00:00.000,0.0
1372,2015-11-09 00:00:00.000,0.0
1373,2015-11-05 00:00:00.000,0.0
1374,2015-11-04 00:00:00.000,0.0
1375,2015-11-03 00:00:00.000,0.0
1376,2015-11-02 00:00:00.000,0.0
1377,2015-10-30 00:00:00.000,0.0
1378,2015-10-29 00:00:00.000,0.0
1379,2015-10-28 00:00:00.000,0.0
1380,2015-10-27 00:00:00.000,0.0
1381,2015-10-26 00:00:00.000,0.0
1382,2015-10-23 00:00:00.000,0.0
1383,2015-10-22 00:00:00.000,0.0
1384,2015-10-21 00:00:00.000,0.0
1385,2015-10-20 00:00:00.000,0.0
1386,2015-10-19 00:00:00.000,0.0
1387,2015-10-16 00:00:00.000,0.0
1388,2015-10-15 00:00:00.000,0.0
1389,2015-10-14 00:00:00.000,0.0
1390,2015-10-13 00:00:00.000,0.0
1391,2015-10-09 00:00:00.000,0.0
1392,2015-10-08 00:00:00.000,0.0
1393,2015-10-07 00:00:00.000,0.0
1394,2015-10-06 00:00:00.000,0.0
1395,2015-10-05 00:00:00.000,0.0
1396,2015-10-02 00:00:00.000,0.0
1397,2015-10-01 00:00:00.000,0.0
1398,2015-09-30 00:00:00.000,0.0
1399,2015-09-29 00:00:00.000,0.0
1400,2015-09-28 00:00:00.000,0.0
1401,2015-09-25 00:00:00.000,0.0
1402,2015-09-24 00:00:00.000,0.0
1403,2015-09-23 00:00:00.000,0.0
1404,2015-09-22 00:00:00.000,0.0
1405,2015-09-21 00:00:00.000,0.0
1406,2015-09-18 00:00:00.000,0.0
1407,2015-09-17 00:00:00.000,0.0
1408,2015-09-16 00:00:00.000,0.0
1409,2015-09-15 00:00:00.000,0.0
1410,2015-09-14 00:00:00.000,0.0
1411,2015-09-11 00:00:00.000,0.0
1412,2015-09-10 00:00:00.000,0.0
1413,2015-09-09 00:00:00.000,0.0
1414,2015-09-08 00:00:00.000,0.0
1415,2015-09-07 00:00:00.000,0.0
1416,2015-09-04 00:00:00.000,0.0
1417,2015-09-03 00:00:00.000,0.0
1418,2015-09-02 00:00:00.000,0.0
1419,2015-09-01 00:00:00.000,0.0
1420,2015-08-31 00:00:00.000,0.0
1421,2015-08-28 00:00:00.000,0.0
1422,2015-08-27 00:00:00.000,0.0
1423,2015-08-26 00:00:00.000,0.0
1424,2015-08-25 00:00:00.000,0.0
1425,2015-08-24 00:00:00.000,0.0
1426,2015-08-21 00:00:00.000,0.0
1427,2015-08-20 00:00:00.000,0.0
1428,2015-08-19 00:00:00.000,0.0
1429,2015-08-18 00:00:00.000,0.0
1430,2015-08-14 00:00:00.000,0.0
1431,2015-08-13 00:00:00.000,0.0
1432,2015-08-12 00:00:00.000,0.0
1433,2015-08-11 00:00:00.000,0.0
1434,2015-08-10 00:00:00.000,0.0
1435,2015-08-07 00:00:00.000,0.0
1436,2015-08-06 00:00:00.000,0.0
1437,2015-08-05 00:00:00.000,0.0
1438,2015-08-04 00:00:00.000,0.0
1439,2015-08-03 00:00:00.000,0.0
1440,2015-07-31 00:00:00.000,0.0
1441,2015-07-30 00:00:00.000,0.0
1442,2015-07-29 00:00:00.000,0.0
1443,2015-07-28 00:00:00.000,0.0
1444,2015-07-27 00:00:00.000,0.0
1445,2015-07-24 00:00:00.000,0.0
1446,2015-07-23 00:00:00.000,0.0
1447,2015-07-22 00:00:00.000,0.0
1448,2015-07-21 00:00:00.000,0.0
1449,2015-07-20 00:00:00.000,0.0
1450,2015-07-17 00:00:00.000,0.0
1451,2015-07-16 00:00:00.000,0.0
1452,2015-07-15 00:00:00.000,0.0
1453,2015-07-14 00:00:00.000,0.0
1454,2015-07-13 00:00:00.000,0.0
1455,2015-07-10 00:00:00.000,0.0
1456,2015-07-08 00:00:00.000,0.0
1457,2015-07-07 00:00:00.000,0.0
1458,2015-07-06 00:00:00.000,0.0
1459,2015-07-03 00:00:00.000,0.0
1460,2015-07-02 00:00:00.000,0.0
1461,2015-07-01 00:00:00.000,0.0
1462,2015-06-30 00:00:00.000,0.0
1463,2015-06-29 00:00:00.000,0.0
1464,2015-06-26 00:00:00.000,0.0
1465,2015-06-25 00:00:00.000,0.0
1466,2015-06-24 00:00:00.000,0.0
1467,2015-06-23 00:00:00.000,0.0
1468,2015-06-22 00:00:00.000,0.0
1469,2015-06-19 00:00:00.000,0.0
1470,2015-06-18 00:00:00.000,0.0
1471,2015-06-17 00:00:00.000,0.0
1472,2015-06-16 00:00:00.000,0.0
1473,2015-06-15 00:00:00.000,0.0
1474,2015-06-12 00:00:00.000,0.0
1475,2015-06-11 00:00:00.000,0.0
1476,2015-06-10 00:00:00.000,0.0
1477,2015-06-09 00:00:00.000,0.0
1478,2015-06-08 00:00:00.000,0.0
1479,2015-06-05 00:00:00.000,0.0
1480,2015-06-04 00:00:00.000,0.0
1481,2015-06-03 00:00:00.000,0.0
1482,2015-06-02 00:00:00.000,0.0
1483,2015-06-01 00:00:00.000,0.0
1484,2015-05-29 00:00:00.000,0.0
1485,2015-05-28 00:00:00.000,0.0
1486,2015-05-27 00:00:00.000,0.0
1487,2015-05-26 00:00:00.000,0.0
1488,2015-05-22 00:00:00.000,0.0
1489,2015-05-21 00:00:00.000,0.0
1490,2015-05-20 00:00:00.000,0.0
1491,2015-05-19 00:00:00.000,0.0
1492,2015-05-18 00:00:00.000,0.0
1493,2015-05-15 00:00:00.000,0.0
1494,2015-05-14 00:00:00.000,0.0
1495,2015-05-13 00:00:00.000,0.0
1496,2015-05-12 00:00:00.000,0.0
1497,2015-05-11 00:00:00.000,0.0
1498,2015-05-08 00:00:00.000,0.0
1499,2015-05-07 00:00:00.000,0.0
1500,2015-05-06 00:00:00.000,0.0
1501,2015-05-05 00:00:00.000,0.0
1502,2015-05-04 00:00:00.000,0.0
1503,2015-04-30 00:00:00.000,0.0
1504,2015-04-29 00:00:00.000,0.0
1505,2015-04-28 00:00:00.000,0.0
1506,2015-04-27 00:00:00.000,0.0
1507,2015-04-24 00:00:00.000,0.0
1508,2015-04-23 00:00:00.000,0.0
1509,2015-04-22 00:00:00.000,0.0
1510,2015-04-21 00:00:00.000,0.0
1511,2015-04-20 00:00:00.000,0.0
1512,2015-04-17 00:00:00.000,0.0
1513,2015-04-16 00:00:00.000,0.0
1514,2015-04-15 00:00:00.000,0.0
1515,2015-04-14 00:00:00.000,0.0
1516,2015-04-13 00:00:00.000,0.0
1517,2015-04-10 00:00:00.000,0.0
1518,2015-04-09 00:00:00.000,0.0
1519,2015-04-08 00:00:00.000,0.0
1520,2015-04-07 00:00:00.000,0.0
1521,2015-04-06 00:00:00.000,0.0
1522,2015-04-01 00:00:00.000,0.0
1523,2015-03-31 00:00:00.000,0.0
1524,2015-03-30 00:00:00.000,0.0
1525,2015-03-27 00:00:00.000,0.0
1526,2015-03-26 00:00:00.000,0.0
1527,2015-03-25 00:00:00.000,0.0
1528,2015-03-20 00:00:00.000,0.0
1529,2015-03-19 00:00:00.000,0.0
1530,2015-03-18 00:00:00.000,0.0
1531,2015-03-17 00:00:00.000,0.0
1532,2015-03-16 00:00:00.000,0.0
1533,2015-03-13 00:00:00.000,0.0
1534,2015-03-12 00:00:00.000,0.0
1535,2015-03-11 00:00:00.000,0.0
1536,2015-03-10 00:00:00.000,0.0
1537,2015-03-09 00:00:00.000,0.0
1538,2015-03-06 00:00:00.000,0.0
1539,2015-03-05 00:00:00.000,0.0
1540,2015-03-04 00:00:00.000,0.0
1541,2015-03-03 00:00:00.000,0.0
1542,2015-03-02 00:00:00.000,0.0
1543,2015-02-27 00:00:00.000,0.0
1544,2015-02-26 00:00:00.000,0.0
1545,2015-02-25 00:00:00.000,0.0
1546,2015-02-24 00:00:00.000,0.0
1547,2015-02-23 00:00:00.000,0.0
1548,2015-02-20 00:00:00.000,0.0
1549,2015-02-19 00:00:00.000,0.0
1550,2015-02-18 00:00:00.000,0.0
1551,2015-02-13 00:00:00.000,0.0
1552,2015-02-12 00:00:00.000,0.0
1553,2015-02-11 00:00:00.000,0.0
1554,2015-02-10 00:00:00.000,0.0
1555,2015-02-09 00:00:00.000,0.0
1556,2015-02-06 00:00:00.000,0.0
1557,2015-02-05 00:00:00.000,0.0
1558,2015-02-04 00:00:00.000,0.0
1559,2015-02-03 00:00:00.000,0.0
1560,2015-02-02 00:00:00.000,0.0
1561,2015-01-30 00:00:00.000,0.0
1562,2015-01-29 00:00:00.000,0.0
1563,2015-01-28 00:00:00.000,0.0
1564,2015-01-27 00:00:00.000,0.0
1565,2015-01-26 00:00:00.000,0.0
1566,2015-01-23 00:00:00.000,0.0
1567,2015-01-22 00:00:00.000,0.0
1568,2015-01-21 00:00:00.000,0.0
1569,2015-01-20 00:00:00.000,0.0
1570,2015-01-19 00:00:00.000,0.0
1571,2015-01-16 00:00:00.000,0.0
1572,2015-01-15 00:00:00.000,0.0
1573,2015-01-14 00:00:00.000,0.0
1574,2015-01-13 00:00:00.000,0.0
1575,2015-01-12 00:00:00.000,0.0
1576,2015-01-09 00:00:00.000,0.0
1577,2015-01-08 00:00:00.000,0.0
1578,2015-01-07 00:00:00.000,0.0
1579,2015-01-06 00:00:00.000,0.0
1580,2015-01-05 00:00:00.000,0.0
1581,2015-01-02 00:00:00.000,0.0
1582,2014-12-30 00:00:00.000,0.0
1583,2014-12-29 00:00:00.000,0.0
1584,2014-12-26 00:00:00.000,0.0
1585,2014-12-23 00:00:00.000,0.0
1586,2014-12-22 00:00:00.000,0.0
1587,2014-12-19 00:00:00.000,0.0
1588,2014-12-18 00:00:00.000,0.0
1589,2014-12-17 00:00:00.000,0.0
1590,2014-12-16 00:00:00.000,0.0
1591,2014-12-15 00:00:00.000,0.0
1592,2014-12-12 00:00:00.000,0.0
1593,2014-12-11 00:00:00.000,0.0
1594,2014-12-10 00:00:00.000,0.0
1595,2014-12-09 00:00:00.000,0.0
1596,2014-12-05 00:00:00.000,0.0
1597,2014-12-04 00:00:00.000,0.0
1598,2014-12-03 00:00:00.000,0.0
1599,2014-12-02 00:00:00.000,0.0
1600,2014-12-01 00:00:00.000,0.0
1601,2014-11-28 00:00:00.000,0.0
1602,2014-11-27 00:00:00.000,0.0
1603,2014-11-26 00:00:00.000,0.0
1604,2014-11-25 00:00:00.000,0.0
1605,2014-11-24 00:00:00.000,0.0
1606,2014-11-21 00:00:00.000,0.0
1607,2014-11-20 00:00:00.000,0.0
1608,2014-11-19 00:00:00.000,0.0
1609,2014-11-18 00:00:00.000,0.0
1610,2014-11-17 00:00:00.000,0.0
1611,2014-11-14 00:00:00.000,0.0
1612,2014-11-13 00:00:00.000,0.0
1613,2014-11-12 00:00:00.000,0.0
1614,2014-11-11 00:00:00.000,0.0
1615,2014-11-10 00:00:00.000,0.0
1616,2014-11-07 00:00:00.000,0.0
1617,2014-11-05 00:00:00.000,0.0
1618,2014-11-04 00:00:00.000,0.0
1619,2014-11-03 00:00:00.000,0.0
1620,2014-10-31 00:00:00.000,0.0
1621,2014-10-30 00:00:00.000,0.0
1622,2014-10-29 00:00:00.000,0.0
1623,2014-10-28 00:00:00.000,0.0
1624,2014-10-27 00:00:00.000,0.0
1625,2014-10-24 00:00:00.000,0.0
1626,2014-10-23 00:00:00.000,0.0
1627,2014-10-22 00:00:00.000,0.0
1628,2014-10-21 00:00:00.000,0.0
1629,2014-10-20 00:00:00.000,0.0
1630,2014-10-17 00:00:00.000,0.0
1631,2014-10-16 00:00:00.000,0.0
1632,2014-10-15 00:00:00.000,0.0
1633,2014-10-14 00:00:00.000,0.0
1634,2014-10-13 00:00:00.000,0.0
1635,2014-10-10 00:00:00.000,0.0
1636,2014-10-09 00:00:00.000,0.0
1637,2014-10-08 00:00:00.000,0.0
1638,2014-10-07 00:00:00.000,0.0
1639,2014-10-06 00:00:00.000,0.0
1640,2014-10-03 00:00:00.000,0.0
1641,2014-10-02 00:00:00.000,0.0
1642,2014-10-01 00:00:00.000,0.0
1643,2014-09-30 00:00:00.000,0.0
1644,2014-09-29 00:00:00.000,0.0
1645,2014-09-26 00:00:00.000,0.0
1646,2014-09-25 00:00:00.000,0.0
1647,2014-09-24 00:00:00.000,0.0
1648,2014-09-23 00:00:00.000,0.0
1649,2014-09-22 00:00:00.000,0.0
1650,2014-09-19 00:00:00.000,0.0
1651,2014-09-18 00:00:00.000,0.0
1652,2014-09-17 00:00:00.000,0.0
1653,2014-09-16 00:00:00.000,0.0
1654,2014-09-15 00:00:00.000,0.0
1655,2014-09-12 00:00:00.000,0.0
1656,2014-09-11 00:00:00.000,0.0
1657,2014-09-10 00:00:00.000,0.0
1658,2014-09-09 00:00:00.000,0.0
1659,2014-09-08 00:00:00.000,0.0
1660,2014-09-05 00:00:00.000,0.0
1661,2014-09-04 00:00:00.000,0.0
1662,2014-09-03 00:00:00.000,0.0
1663,2014-09-02 00:00:00.000,0.0
1664,2014-09-01 00:00:00.000,0.0
1665,2014-08-29 00:00:00.000,0.0
1666,2014-08-28 00:00:00.000,0.0
1667,2014-08-27 00:00:00.000,0.0
1668,2014-08-26 00:00:00.000,0.0
1669,2014-08-25 00:00:00.000,0.0
1670,2014-08-22 00:00:00.000,0.0
1671,2014-08-21 00:00:00.000,0.0
1672,2014-08-19 00:00:00.000,0.0
1673,2014-08-18 00:00:00.000,0.0
1674,2014-08-15 00:00:00.000,0.0
1675,2014-08-14 00:00:00.000,0.0
1676,2014-08-13 00:00:00.000,0.0
1677,2014-08-12 00:00:00.000,0.0
1678,2014-08-11 00:00:00.000,0.0
1679,2014-08-08 00:00:00.000,0.0
1680,2014-08-07 00:00:00.000,0.0
1681,2014-08-06 00:00:00.000,0.0
1682,2014-08-05 00:00:00.000,0.0
1683,2014-08-04 00:00:00.000,0.0
1684,2014-08-01 00:00:00.000,0.0
1685,2014-07-31 00:00:00.000,0.0
1686,2014-07-30 00:00:00.000,0.0
1687,2014-07-29 00:00:00.000,0.0
1688,2014-07-28 00:00:00.000,0.0
1689,2014-07-25 00:00:00.000,0.0
1690,2014-07-24 00:00:00.000,0.0
1691,2014-07-23 00:00:00.000,0.0
1692,2014-07-22 00:00:00.000,0.0
1693,2014-07-21 00:00:00.000,0.0
1694,2014-07-18 00:00:00.000,0.0
1695,2014-07-17 00:00:00.000,0.0
1696,2014-07-16 00:00:00.000,0.0
1697,2014-07-15 00:00:00.000,0.0
1698,2014-07-14 00:00:00.000,0.0
1699,2014-07-11 00:00:00.000,0.0
1700,2014-07-10 00:00:00.000,0.0
1701,2014-07-08 00:00:00.000,0.0
1702,2014-07-07 00:00:00.000,0.0
1703,2014-07-04 00:00:00.000,0.0
1704,2014-07-03 00:00:00.000,0.0
1705,2014-07-02 00:00:00.000,0.0
1706,2014-07-01 00:00:00.000,0.0
1707,2014-06-30 00:00:00.000,0.0
1708,2014-06-27 00:00:00.000,0.0
1709,2014-06-26 00:00:00.000,0.0
1710,2014-06-25 00:00:00.000,0.0
1711,2014-06-24 00:00:00.000,0.0
1712,2014-06-23 00:00:00.000,0.0
1713,2014-06-19 00:00:00.000,0.0
1714,2014-06-18 00:00:00.000,0.0
1715,2014-06-17 00:00:00.000,0.0
1716,2014-06-16 00:00:00.000,0.0
1717,2014-06-13 00:00:00.000,0.0
1718,2014-06-12 00:00:00.000,0.0
1719,2014-06-11 00:00:00.000,0.0
1720,2014-06-10 00:00:00.000,0.0
1721,2014-06-09 00:00:00.000,0.0
1722,2014-06-06 00:00:00.000,0.0
1723,2014-06-05 00:00:00.000,0.0
1724,2014-06-04 00:00:00.000,0.0
1725,2014-06-03 00:00:00.000,0.0
1726,2014-06-02 00:00:00.000,0.0
1727,2014-05-30 00:00:00.000,0.0
1728,2014-05-29 00:00:00.000,0.0
1729,2014-05-28 00:00:00.000,0.0
1730,2014-05-27 00:00:00.000,0.0
1731,2014-05-26 00:00:00.000,0.0
1732,2014-05-23 00:00:00.000,0.0
1733,2014-05-22 00:00:00.000,0.0
1734,2014-05-21 00:00:00.000,0.0
1735,2014-05-20 00:00:00.000,0.0
1736,2014-05-19 00:00:00.000,0.0
1737,2014-05-16 00:00:00.000,0.0
1738,2014-05-15 00:00:00.000,0.0
1739,2014-05-14 00:00:00.000,0.0
1740,2014-05-13 00:00:00.000,0.0
1741,2014-05-12 00:00:00.000,0.0
1742,2014-05-09 00:00:00.000,0.0
1743,2014-05-08 00:00:00.000,0.0
1744,2014-05-07 00:00:00.000,0.0
1745,2014-05-06 00:00:00.000,0.0
1746,2014-05-05 00:00:00.000,0.0
1747,2014-05-02 00:00:00.000,0.0
1748,2014-04-30 00:00:00.000,0.0
1749,2014-04-29 00:00:00.000,0.0
1750,2014-04-28 00:00:00.000,0.0
1751,2014-04-25 00:00:00.000,0.0
1752,2014-04-24 00:00:00.000,0.0
1753,2014-04-23 00:00:00.000,0.0
1754,2014-04-22 00:00:00.000,0.0
1755,2014-04-21 00:00:00.000,0.0
1756,2014-04-18 00:00:00.000,0.0
1757,2014-04-17 00:00:00.000,0.0
1758,2014-04-16 00:00:00.000,0.0
1759,2014-04-15 00:00:00.000,0.0
1760,2014-04-14 00:00:00.000,0.0
1761,2014-04-11 00:00:00.000,0.0
1762,2014-04-10 00:00:00.000,0.0
1763,2014-04-09 00:00:00.000,0.0
1764,2014-04-08 00:00:00.000,0.0
1765,2014-04-07 00:00:00.000,0.0
1766,2014-04-04 00:00:00.000,0.0
1767,2014-04-03 00:00:00.000,0.0
1768,2014-04-01 00:00:00.000,0.0
1769,2014-03-31 00:00:00.000,0.0
1770,2014-03-28 00:00:00.000,0.0
1771,2014-03-27 00:00:00.000,0.0
1772,2014-03-26 00:00:00.000,0.0
1773,2014-03-25 00:00:00.000,0.0
1774,2014-03-21 00:00:00.000,0.0
1775,2014-03-20 00:00:00.000,0.0
1776,2014-03-19 00:00:00.000,0.0
1777,2014-03-18 00:00:00.000,0.0
1778,2014-03-17 00:00:00.000,0.0
1779,2014-03-14 00:00:00.000,0.0
1780,2014-03-13 00:00:00.000,0.0
1781,2014-03-12 00:00:00.000,0.0
1782,2014-03-11 00:00:00.000,0.0
1783,2014-03-10 00:00:00.000,0.0
1784,2014-03-07 00:00:00.000,0.0
1785,2014-03-06 00:00:00.000,0.0
1786,2014-03-05 00:00:00.000,0.0
1787,2014-03-04 00:00:00.000,0.0
1788,2014-03-03 00:00:00.000,0.0
1789,2014-02-28 00:00:00.000,0.0
1790,2014-02-27 00:00:00.000,0.0
1791,2014-02-26 00:00:00.000,0.0
1792,2014-02-25 00:00:00.000,0.0
1793,2014-02-24 00:00:00.000,0.0
1794,2014-02-21 00:00:00.000,0.0
1795,2014-02-20 00:00:00.000,0.0
1796,2014-02-19 00:00:00.000,0.0
1797,2014-02-18 00:00:00.000,0.0
1798,2014-02-17 00:00:00.000,0.0
1799,2014-02-14 00:00:00.000,0.0
1800,2014-02-13 00:00:00.000,0.0
1801,2014-02-12 00:00:00.000,0.0
1802,2014-02-11 00:00:00.000,0.0
1803,2014-02-10 00:00:00.000,0.0
1804,2014-02-07 00:00:00.000,0.0
1805,2014-02-06 00:00:00.000,0.0
1806,2014-02-05 00:00:00.000,0.0
1807,2014-02-04 00:00:00.000,0.0
1808,2014-02-03 00:00:00.000,0.0
1809,2014-01-31 00:00:00.000,0.0
1810,2014-01-30 00:00:00.000,0.0
1811,2014-01-29 00:00:00.000,0.0
1812,2014-01-28 00:00:00.000,0.0
1813,2014-01-27 00:00:00.000,0.0
1814,2014-01-24 00:00:00.000,0.0
1815,2014-01-23 00:00:00.000,0.0
1816,2014-01-22 00:00:00.000,0.0
1817,2014-01-21 00:00:00.000,0.0
1818,2014-01-20 00:00:00.000,0.0
1819,2014-01-17 00:00:00.000,0.0
1820,2014-01-16 00:00:00.000,0.0
1821,2014-01-15 00:00:00.000,0.0
1822,2014-01-14 00:00:00.000,0.0
1823,2014-01-13 00:00:00.000,0.0
1824,2014-01-10 00:00:00.000,0.0
1825,2014-01-09 00:00:00.000,0.0
1826,2014-01-08 00:00:00.000,0.0
1827,2014-01-07 00:00:00.000,0.0
1828,2014-01-06 00:00:00.000,0.0
1829,2014-01-03 00:00:00.000,0.0
1830,2014-01-02 00:00:00.000,0.0
1831,2013-12-30 00:00:00.000,0.0
1832,2013-12-27 00:00:00.000,0.0
1833,2013-12-26 00:00:00.000,0.0
1834,2013-12-23 00:00:00.000,0.0
1835,2013-12-20 00:00:00.000,0.0
1836,2013-12-19 00:00:00.000,0.0
1837,2013-12-18 00:00:00.000,0.0
1838,2013-12-17 00:00:00.000,0.0
1839,2013-12-16 00:00:00.000,0.0
1840,2013-12-13 00:00:00.000,0.0
1841,2013-12-12 00:00:00.000,0.0
1842,2013-12-11 00:00:00.000,0.0
1843,2013-12-10 00:00:00.000,0.0
1844,2013-12-09 00:00:00.000,0.0
1845,2013-12-06 00:00:00.000,0.0
1846,2013-12-05 00:00:00.000,0.0
1847,2013-12-04 00:00:00.000,0.0
1848,2013-12-03 00:00:00.000,0.0
1849,2013-12-02 00:00:00.000,0.0
1850,2013-11-29 00:00:00.000,0.0
1851,2013-11-28 00:00:00.000,0.0
1852,2013-11-27 00:00:00.000,0.0
1853,2013-11-26 00:00:00.000,0.0
1854,2013-11-22 00:00:00.000,0.0
1855,2013-11-21 00:00:00.000,0.0
1856,2013-11-20 00:00:00.000,0.0
1857,2013-11-19 00:00:00.000,0.0
1858,2013-11-18 00:00:00.000,0.0
1859,2013-11-15 00:00:00.000,0.0
1860,2013-11-14 00:00:00.000,0.0
1861,2013-11-13 00:00:00.000,0.0
1862,2013-11-12 00:00:00.000,0.0
1863,2013-11-11 00:00:00.000,0.0
1864,2013-11-08 00:00:00.000,0.0
1865,2013-11-07 00:00:00.000,0.0
1866,2013-11-05 00:00:00.000,0.0
1867,2013-11-04 00:00:00.000,0.0
1868,2013-11-01 00:00:00.000,0.0
1869,2013-10-31 00:00:00.000,0.0
1870,2013-10-30 00:00:00.000,0.0
1871,2013-10-29 00:00:00.000,0.0
1872,2013-10-28 00:00:00.000,0.0
1873,2013-10-25 00:00:00.000,0.0
1874,2013-10-24 00:00:00.000,0.0
1875,2013-10-23 00:00:00.000,0.0
1876,2013-10-22 00:00:00.000,0.0
1877,2013-10-21 00:00:00.000,0.0
1878,2013-10-18 00:00:00.000,0.0
1879,2013-10-17 00:00:00.000,0.0
1880,2013-10-16 00:00:00.000,0.0
1881,2013-10-15 00:00:00.000,0.0
1882,2013-10-11 00:00:00.000,0.0
1883,2013-10-10 00:00:00.000,0.0
1884,2013-10-09 00:00:00.000,0.0
1885,2013-10-08 00:00:00.000,0.0
1886,2013-10-07 00:00:00.000,0.0
1887,2013-10-04 00:00:00.000,0.0
1888,2013-10-03 00:00:00.000,0.0
1889,2013-10-02 00:00:00.000,0.0
1890,2013-10-01 00:00:00.000,0.0
1891,2013-09-30 00:00:00.000,0.0
1892,2013-09-27 00:00:00.000,0.0
1893,2013-09-26 00:00:00.000,0.0
1894,2013-09-25 00:00:00.000,0.0
1895,2013-09-24 00:00:00.000,0.0
1896,2013-09-23 00:00:00.000,0.0
1897,2013-09-20 00:00:00.000,0.0
1898,2013-09-19 00:00:00.000,0.0
1899,2013-09-18 00:00:00.000,0.0
1900,2013-09-17 00:00:00.000,0.0
1901,2013-09-16 00:00:00.000,0.0
1902,2013-09-13 00:00:00.000,0.0
1903,2013-09-12 00:00:00.000,0.0
1904,2013-09-11 00:00:00.000,0.0
1905,2013-09-10 00:00:00.000,0.0
1906,2013-09-09 00:00:00.000,0.0
1907,2013-09-06 00:00:00.000,0.0
1908,2013-09-05 00:00:00.000,0.0
1909,2013-09-04 00:00:00.000,0.0
1910,2013-09-03 00:00:00.000,0.0
1911,2013-09-02 00:00:00.000,0.0
1912,2013-08-30 00:00:00.000,0.0
1913,2013-08-29 00:00:00.000,0.0
1914,2013-08-28 00:00:00.000,0.0
1915,2013-08-27 00:00:00.000,0.0
1916,2013-08-26 00:00:00.000,0.0
1917,2013-08-23 00:00:00.000,0.0
1918,2013-08-22 00:00:00.000,0.0
1919,2013-08-21 00:00:00.000,0.0
1920,2013-08-20 00:00:00.000,0.0
1921,2013-08-16 00:00:00.000,0.0
1922,2013-08-15 00:00:00.000,0.0
1923,2013-08-14 00:00:00.000,0.0
1924,2013-08-13 00:00:00.000,0.0
1925,2013-08-12 00:00:00.000,0.0
1926,2013-08-09 00:00:00.000,0.0
1927,2013-08-08 00:00:00.000,0.0
1928,2013-08-07 00:00:00.000,0.0
1929,2013-08-06 00:00:00.000,0.0
1930,2013-08-05 00:00:00.000,0.0
1931,2013-08-02 00:00:00.000,0.0
1932,2013-08-01 00:00:00.000,0.0
1933,2013-07-31 00:00:00.000,0.0
1934,2013-07-30 00:00:00.000,0.0
1935,2013-07-29 00:00:00.000,0.0
1936,2013-07-26 00:00:00.000,0.0
1937,2013-07-25 00:00:00.000,0.0
1938,2013-07-24 00:00:00.000,0.0
1939,2013-07-23 00:00:00.000,0.0
1940,2013-07-22 00:00:00.000,0.0
1941,2013-07-19 00:00:00.000,0.0
1942,2013-07-18 00:00:00.000,0.0
1943,2013-07-17 00:00:00.000,0.0
1944,2013-07-16 00:00:00.000,0.0
1945,2013-07-15 00:00:00.000,0.0
1946,2013-07-12 00:00:00.000,0.0
1947,2013-07-11 00:00:00.000,0.0
1948,2013-07-10 00:00:00.000,0.0
1949,2013-07-08 00:00:00.000,0.0
1950,2013-07-05 00:00:00.000,0.0
1951,2013-07-04 00:00:00.000,0.0
1952,2013-07-03 00:00:00.000,0.0
1953,2013-07-02 00:00:00.000,0.0
1954,2013-07-01 00:00:00.000,0.0
1955,2013-06-28 00:00:00.000,0.0
1956,2013-06-27 00:00:00.000,0.0
1957,2013-06-26 00:00:00.000,0.0
1958,2013-06-25 00:00:00.000,0.0
1959,2013-06-24 00:00:00.000,0.0
1960,2013-06-19 00:00:00.000,0.0
1961,2013-06-18 00:00:00.000,0.0
1962,2013-06-17 00:00:00.000,0.0
1963,2013-06-14 00:00:00.000,0.0
1964,2013-06-13 00:00:00.000,0.0
1965,2013-06-12 00:00:00.000,0.0
1966,2013-06-11 00:00:00.000,0.0
1967,2013-06-10 00:00:00.000,0.0
1968,2013-06-07 00:00:00.000,0.0
1969,2013-06-05 00:00:00.000,0.0
1970,2013-06-04 00:00:00.000,0.0
1971,2013-06-03 00:00:00.000,0.0
1972,2013-05-31 00:00:00.000,0.0
1973,2013-05-30 00:00:00.000,0.0
1974,2013-05-29 00:00:00.000,0.0
1975,2013-05-28 00:00:00.000,0.0
1976,2013-05-27 00:00:00.000,0.0
1977,2013-05-24 00:00:00.000,0.0
1978,2013-05-23 00:00:00.000,0.0
1979,2013-05-22 00:00:00.000,0.0
1980,2013-05-21 00:00:00.000,0.0
1981,2013-05-20 00:00:00.000,0.0
1982,2013-05-17 00:00:00.000,0.0
1983,2013-05-16 00:00:00.000,0.0
1984,2013-05-15 00:00:00.000,0.0
1985,2013-05-14 00:00:00.000,0.0
1986,2013-05-13 00:00:00.000,0.0
1987,2013-05-10 00:00:00.000,0.0
1988,2013-05-09 00:00:00.000,0.0
1989,2013-05-08 00:00:00.000,0.0
1990,2013-05-07 00:00:00.000,0.0
1991,2013-05-06 00:00:00.000,0.0
1992,2013-05-03 00:00:00.000,0.0
1993,2013-05-02 00:00:00.000,0.0
1994,2013-04-30 00:00:00.000,0.0
1995,2013-04-29 00:00:00.000,0.0
1996,2013-04-25 00:00:00.000,0.0
1997,2013-04-24 00:00:00.000,0.0
1998,2013-04-23 00:00:00.000,0.0
1999,2013-04-22 00:00:00.000,0.0
2000,2013-04-19 00:00:00.000,0.0
2001,2013-04-18 00:00:00.000,0.0
2002,2013-04-17 00:00:00.000,0.0
2003,2013-04-16 00:00:00.000,0.0
2004,2013-04-15 00:00:00.000,0.0
2005,2013-04-12 00:00:00.000,0.0
2006,2013-04-11 00:00:00.000,0.0
2007,2013-04-10 00:00:00.000,0.0
2008,2013-04-09 00:00:00.000,0.0
2009,2013-04-08 00:00:00.000,0.0
2010,2013-04-05 00:00:00.000,0.0
2011,2013-04-04 00:00:00.000,0.0
2012,2013-04-03 00:00:00.000,0.0
2013,2013-03-27 00:00:00.000,0.0
2014,2013-03-26 00:00:00.000,0.0
2015,2013-03-25 00:00:00.000,0.0
2016,2013-03-22 00:00:00.000,0.0
2017,2013-03-21 00:00:00.000,0.0
2018,2013-03-20 00:00:00.000,0.0
2019,2013-03-19 00:00:00.000,0.0
2020,2013-03-18 00:00:00.000,0.0
2021,2013-03-15 00:00:00.000,0.0
2022,2013-03-14 00:00:00.000,0.0
2023,2013-03-13 00:00:00.000,0.0
2024,2013-03-12 00:00:00.000,0.0
2025,2013-03-11 00:00:00.000,0.0
2026,2013-03-08 00:00:00.000,0.0
2027,2013-03-07 00:00:00.000,0.0
2028,2013-03-06 00:00:00.000,0.0
2029,2013-03-05 00:00:00.000,0.0
2030,2013-03-04 00:00:00.000,0.0
2031,2013-03-01 00:00:00.000,0.0
2032,2013-02-28 00:00:00.000,0.0
2033,2013-02-27 00:00:00.000,0.0
2034,2013-02-26 00:00:00.000,0.0
2035,2013-02-25 00:00:00.000,0.0
2036,2013-02-22 00:00:00.000,0.0
2037,2013-02-21 00:00:00.000,0.0
2038,2013-02-19 00:00:00.000,0.0
2039,2013-02-18 00:00:00.000,0.0
2040,2013-02-15 00:00:00.000,0.0
2041,2013-02-14 00:00:00.000,0.0
2042,2013-02-13 00:00:00.000,0.0
2043,2013-02-08 00:00:00.000,0.0
2044,2013-02-07 00:00:00.000,0.0
2045,2013-02-06 00:00:00.000,0.0
2046,2013-02-05 00:00:00.000,0.0
2047,2013-02-01 00:00:00.000,0.0
2048,2013-01-31 00:00:00.000,0.0
2049,2013-01-30 00:00:00.000,0.0
2050,2013-01-29 00:00:00.000,0.0
2051,2013-01-28 00:00:00.000,0.0
2052,2013-01-25 00:00:00.000,0.0
2053,2013-01-24 00:00:00.000,0.0
2054,2013-01-23 00:00:00.000,0.0
2055,2013-01-22 00:00:00.000,0.0
2056,2013-01-21 00:00:00.000,0.0
2057,2013-01-18 00:00:00.000,0.0
2058,2013-01-17 00:00:00.000,0.0
2059,2013-01-16 00:00:00.000,0.0
2060,2013-01-15 00:00:00.000,0.0
2061,2013-01-14 00:00:00.000,0.0
2062,2013-01-11 00:00:00.000,0.0
2063,2013-01-10 00:00:00.000,0.0
2064,2013-01-09 00:00:00.000,0.0
2065,2013-01-08 00:00:00.000,0.0
2066,2013-01-07 00:00:00.000,0.0
2067,2013-01-04 00:00:00.000,0.0
2068,2013-01-03 00:00:00.000,0.0
2069,2013-01-02 00:00:00.000,0.0
2070,2012-12-28 00:00:00.000,0.0
2071,2012-12-27 00:00:00.000,0.0
2072,2012-12-26 00:00:00.000,0.0
2073,2012-12-21 00:00:00.000,0.0
2074,2012-12-20 00:00:00.000,0.0
2075,2012-12-19 00:00:00.000,0.0
2076,2012-12-18 00:00:00.000,0.0
2077,2012-12-17 00:00:00.000,0.0
2078,2012-12-14 00:00:00.000,0.0
2079,2012-12-13 00:00:00.000,0.0
2080,2012-12-11 00:00:00.000,0.0
2081,2012-12-10 00:00:00.000,0.0
2082,2012-12-07 00:00:00.000,0.0
2083,2012-12-06 00:00:00.000,0.0
2084,2012-12-05 00:00:00.000,0.0
2085,2012-12-04 00:00:00.000,0.0
2086,2012-12-03 00:00:00.000,0.0
2087,2012-11-30 00:00:00.000,0.0
2088,2012-11-29 00:00:00.000,0.0
2089,2012-11-28 00:00:00.000,0.0
2090,2012-11-27 00:00:00.000,0.0
2091,2012-11-23 00:00:00.000,0.0
2092,2012-11-22 00:00:00.000,0.0
2093,2012-11-21 00:00:00.000,0.0
2094,2012-11-20 00:00:00.000,0.0
2095,2012-11-19 00:00:00.000,0.0
2096,2012-11-16 00:00:00.000,0.0
2097,2012-11-15 00:00:00.000,0.0
2098,2012-11-14 00:00:00.000,0.0
2099,2012-11-13 00:00:00.000,0.0
2100,2012-11-12 00:00:00.000,0.0
2101,2012-11-09 00:00:00.000,0.0
2102,2012-11-08 00:00:00.000,0.0
2103,2012-11-07 00:00:00.000,0.0
2104,2012-11-05 00:00:00.000,0.0
2105,2012-11-02 00:00:00.000,0.0
2106,2012-11-01 00:00:00.000,0.0
2107,2012-10-31 00:00:00.000,0.0
2108,2012-10-30 00:00:00.000,0.0
2109,2012-10-29 00:00:00.000,0.0
2110,2012-10-26 00:00:00.000,0.0
2111,2012-10-25 00:00:00.000,0.0
2112,2012-10-24 00:00:00.000,0.0
2113,2012-10-23 00:00:00.000,0.0
2114,2012-10-22 00:00:00.000,0.0
2115,2012-10-19 00:00:00.000,0.0
2116,2012-10-18 00:00:00.000,0.0
2117,2012-10-17 00:00:00.000,0.0
2118,2012-10-16 00:00:00.000,0.0
2119,2012-10-15 00:00:00.000,0.0
2120,2012-10-12 00:00:00.000,0.0
2121,2012-10-11 00:00:00.000,0.0
2122,2012-10-10 00:00:00.000,0.0
2123,2012-10-09 00:00:00.000,0.0
2124,2012-10-05 00:00:00.000,0.0
2125,2012-10-04 00:00:00.000,0.0
2126,2012-10-03 00:00:00.000,0.0
2127,2012-10-02 00:00:00.000,0.0
2128,2012-10-01 00:00:00.000,0.0
2129,2012-09-28 00:00:00.000,0.0
2130,2012-09-27 00:00:00.000,0.0
2131,2012-09-26 00:00:00.000,0.0
2132,2012-09-25 00:00:00.000,0.0
2133,2012-09-21 00:00:00.000,0.0
2134,2012-09-20 00:00:00.000,0.0
2135,2012-09-19 00:00:00.000,0.0
2136,2012-09-18 00:00:00.000,0.0
2137,2012-09-17 00:00:00.000,0.0
2138,2012-09-14 00:00:00.000,0.0
2139,2012-09-13 00:00:00.000,0.0
2140,2012-09-12 00:00:00.000,0.0
2141,2012-09-11 00:00:00.000,0.0
2142,2012-09-10 00:00:00.000,0.0
2143,2012-09-07 00:00:00.000,0.0
2144,2012-09-06 00:00:00.000,0.0
2145,2012-09-05 00:00:00.000,0.0
2146,2012-09-04 00:00:00.000,0.0
2147,2012-09-03 00:00:00.000,0.0
2148,2012-08-31 00:00:00.000,0.0
2149,2012-08-30 00:00:00.000,0.0
2150,2012-08-29 00:00:00.000,0.0
2151,2012-08-28 00:00:00.000,0.0
2152,2012-08-27 00:00:00.000,0.0
2153,2012-08-24 00:00:00.000,0.0
2154,2012-08-23 00:00:00.000,0.0
2155,2012-08-22 00:00:00.000,0.0
2156,2012-08-21 00:00:00.000,0.0
2157,2012-08-17 00:00:00.000,0.0
2158,2012-08-16 00:00:00.000,0.0
2159,2012-08-15 00:00:00.000,0.0
2160,2012-08-14 00:00:00.000,0.0
2161,2012-08-13 00:00:00.000,0.0
2162,2012-08-10 00:00:00.000,0.0
2163,2012-08-09 00:00:00.000,0.0
2164,2012-08-08 00:00:00.000,0.0
2165,2012-08-07 00:00:00.000,0.0
2166,2012-08-06 00:00:00.000,0.0
2167,2012-08-03 00:00:00.000,0.0
2168,2012-08-02 00:00:00.000,0.0
2169,2012-08-01 00:00:00.000,0.0
2170,2012-07-31 00:00:00.000,0.0
2171,2012-07-30 00:00:00.000,0.0
2172,2012-07-27 00:00:00.000,0.0
2173,2012-07-26 00:00:00.000,0.0
2174,2012-07-25 00:00:00.000,0.0
2175,2012-07-24 00:00:00.000,0.0
2176,2012-07-23 00:00:00.000,0.0
2177,2012-07-20 00:00:00.000,0.0
2178,2012-07-19 00:00:00.000,0.0
2179,2012-07-18 00:00:00.000,0.0
2180,2012-07-17 00:00:00.000,0.0
2181,2012-07-16 00:00:00.000,0.0
2182,2012-07-13 00:00:00.000,0.0
2183,2012-07-12 00:00:00.000,0.0
2184,2012-07-11 00:00:00.000,0.0
2185,2012-07-10 00:00:00.000,0.0
2186,2012-07-06 00:00:00.000,0.0
2187,2012-07-05 00:00:00.000,0.0
2188,2012-07-04 00:00:00.000,0.0
2189,2012-07-03 00:00:00.000,0.0
2190,2012-07-02 00:00:00.000,0.0
2191,2012-06-29 00:00:00.000,0.0
2192,2012-06-28 00:00:00.000,0.0
2193,2012-06-27 00:00:00.000,0.0
2194,2012-06-26 00:00:00.000,0.0
2195,2012-06-25 00:00:00.000,0.0
2196,2012-06-22 00:00:00.000,0.0
2197,2012-06-21 00:00:00.000,0.0
2198,2012-06-19 00:00:00.000,0.0
2199,2012-06-18 00:00:00.000,0.0
2200,2012-06-15 00:00:00.000,0.0
2201,2012-06-14 00:00:00.000,0.0
2202,2012-06-13 00:00:00.000,0.0
2203,2012-06-12 00:00:00.000,0.0
2204,2012-06-11 00:00:00.000,0.0
2205,2012-06-08 00:00:00.000,0.0
2206,2012-06-07 00:00:00.000,0.0
2207,2012-06-06 00:00:00.000,0.0
2208,2012-06-05 00:00:00.000,0.0
2209,2012-06-04 00:00:00.000,0.0
2210,2012-06-01 00:00:00.000,0.0
2211,2012-05-31 00:00:00.000,0.0
2212,2012-05-30 00:00:00.000,0.0
2213,2012-05-29 00:00:00.000,0.0
2214,2012-05-28 00:00:00.000,0.0
2215,2012-05-24 00:00:00.000,0.0
2216,2012-05-23 00:00:00.000,0.0
2217,2012-05-22 00:00:00.000,0.0
2218,2012-05-21 00:00:00.000,0.0
2219,2012-05-18 00:00:00.000,0.0
2220,2012-05-17 00:00:00.000,0.0
2221,2012-05-16 00:00:00.000,0.0
2222,2012-05-15 00:00:00.000,0.0
2223,2012-05-14 00:00:00.000,0.0
2224,2012-05-11 00:00:00.000,0.0
2225,2012-05-10 00:00:00.000,0.0
2226,2012-05-09 00:00:00.000,0.0
2227,2012-05-08 00:00:00.000,0.0
2228,2012-05-07 00:00:00.000,0.0
2229,2012-05-04 00:00:00.000,0.0
2230,2012-05-03 00:00:00.000,0.0
2231,2012-05-02 00:00:00.000,0.0
2232,2012-04-27 00:00:00.000,0.0
2233,2012-04-26 00:00:00.000,0.0
2234,2012-04-25 00:00:00.000,0.0
2235,2012-04-24 00:00:00.000,0.0
2236,2012-04-23 00:00:00.000,0.0
2237,2012-04-20 00:00:00.000,0.0
2238,2012-04-19 00:00:00.000,0.0
2239,2012-04-18 00:00:00.000,0.0
2240,2012-04-17 00:00:00.000,0.0
2241,2012-04-16 00:00:00.000,0.0
2242,2012-04-13 00:00:00.000,0.0
2243,2012-04-12 00:00:00.000,0.0
2244,2012-04-11 00:00:00.000,0.0
2245,2012-04-10 00:00:00.000,0.0
2246,2012-04-09 00:00:00.000,0.0
2247,2012-04-04 00:00:00.000,0.0
2248,2012-04-03 00:00:00.000,0.0
2249,2012-03-30 00:00:00.000,0.0
2250,2012-03-29 00:00:00.000,0.0
2251,2012-03-28 00:00:00.000,0.0
2252,2012-03-27 00:00:00.000,0.0
2253,2012-03-26 00:00:00.000,0.0
2254,2012-03-23 00:00:00.000,0.0
2255,2012-03-22 00:00:00.000,0.0
2256,2012-03-21 00:00:00.000,0.0
2257,2012-03-20 00:00:00.000,0.0
2258,2012-03-19 00:00:00.000,0.0
2259,2012-03-16 00:00:00.000,0.0
2260,2012-03-15 00:00:00.000,0.0
2261,2012-03-14 00:00:00.000,0.0
2262,2012-03-13 00:00:00.000,0.0
2263,2012-03-12 00:00:00.000,0.0
2264,2012-03-09 00:00:00.000,0.0
2265,2012-03-08 00:00:00.000,0.0
2266,2012-03-07 00:00:00.000,0.0
2267,2012-03-06 00:00:00.000,0.0
2268,2012-03-05 00:00:00.000,0.0
2269,2012-03-02 00:00:00.000,0.0
2270,2012-03-01 00:00:00.000,0.0
2271,2012-02-29 00:00:00.000,0.0
2272,2012-02-28 00:00:00.000,0.0
2273,2012-02-24 00:00:00.000,0.0
2274,2012-02-23 00:00:00.000,0.0
2275,2012-02-22 00:00:00.000,0.0
2276,2012-02-17 00:00:00.000,0.0
2277,2012-02-16 00:00:00.000,0.0
2278,2012-02-15 00:00:00.000,0.0
2279,2012-02-14 00:00:00.000,0.0
2280,2012-02-13 00:00:00.000,0.0
2281,2012-02-10 00:00:00.000,0.0
2282,2012-02-09 00:00:00.000,0.0
2283,2012-02-08 00:00:00.000,0.0
2284,2012-02-07 00:00:00.000,0.0
2285,2012-02-06 00:00:00.000,0.0
2286,2012-02-03 00:00:00.000,0.0
2287,2012-02-02 00:00:00.000,0.0
2288,2012-02-01 00:00:00.000,0.0
2289,2012-01-31 00:00:00.000,0.0
2290,2012-01-30 00:00:00.000,0.0
2291,2012-01-27 00:00:00.000,0.0
2292,2012-01-26 00:00:00.000,0.0
2293,2012-01-25 00:00:00.000,0.0
2294,2012-01-24 00:00:00.000,0.0
2295,2012-01-23 00:00:00.000,0.0
2296,2012-01-20 00:00:00.000,0.0
2297,2012-01-19 00:00:00.000,0.0
2298,2012-01-18 00:00:00.000,0.0
2299,2012-01-17 00:00:00.000,0.0
2300,2012-01-16 00:00:00.000,0.0
2301,2012-01-13 00:00:00.000,0.0
2302,2012-01-12 00:00:00.000,0.0
2303,2012-01-11 00:00:00.000,0.0
2304,2012-01-10 00:00:00.000,0.0
2305,2012-01-09 00:00:00.000,0.0
2306,2012-01-06 00:00:00.000,0.0
2307,2012-01-05 00:00:00.000,0.0
2308,2012-01-04 00:00:00.000,0.0
2309,2012-01-03 00:00:00.000,0.0
2310,2011-12-29 00:00:00.000,0.0
2311,2011-12-28 00:00:00.000,0.0
2312,2011-12-23 00:00:00.000,0.0
2313,2011-12-22 00:00:00.000,0.0
2314,2011-12-21 00:00:00.000,0.0
2315,2011-12-20 00:00:00.000,0.0
2316,2011-12-19 00:00:00.000,0.0
2317,2011-12-16 00:00:00.000,0.0
2318,2011-12-15 00:00:00.000,0.0
2319,2011-12-14 00:00:00.000,0.0
2320,2011-12-13 00:00:00.000,0.0
2321,2011-12-12 00:00:00.000,0.0
2322,2011-12-07 00:00:00.000,0.0
2323,2011-12-06 00:00:00.000,0.0
2324,2011-12-05 00:00:00.000,0.0
2325,2011-12-02 00:00:00.000,0.0
2326,2011-12-01 00:00:00.000,0.0
2327,2011-11-30 00:00:00.000,0.0
2328,2011-11-29 00:00:00.000,0.0
2329,2011-11-25 00:00:00.000,0.0
2330,2011-11-24 00:00:00.000,0.0
2331,2011-11-23 00:00:00.000,0.0
2332,2011-11-22 00:00:00.000,0.0
2333,2011-11-21 00:00:00.000,0.0
2334,2011-11-18 00:00:00.000,0.0
2335,2011-11-17 00:00:00.000,0.0
2336,2011-11-16 00:00:00.000,0.0
2337,2011-11-15 00:00:00.000,0.0
2338,2011-11-10 00:00:00.000,0.0
2339,2011-11-09 00:00:00.000,0.0
2340,2011-11-03 00:00:00.000,0.0
2341,2011-11-02 00:00:00.000,0.0
2342,2011-11-01 00:00:00.000,0.0
2343,2011-10-28 00:00:00.000,0.0
2344,2011-10-27 00:00:00.000,0.0
2345,2011-10-26 00:00:00.000,0.0
2346,2011-10-25 00:00:00.000,0.0
2347,2011-10-24 00:00:00.000,0.0
2348,2011-10-21 00:00:00.000,0.0
2349,2011-10-20 00:00:00.000,0.0
2350,2011-10-19 00:00:00.000,0.0
2351,2011-10-18 00:00:00.000,0.0
2352,2011-10-17 00:00:00.000,0.0
2353,2011-10-14 00:00:00.000,0.0
2354,2011-10-13 00:00:00.000,0.0
2355,2011-10-12 00:00:00.000,0.0
2356,2011-10-11 00:00:00.000,0.0
2357,2011-10-07 00:00:00.000,0.0
2358,2011-10-06 00:00:00.000,0.0
2359,2011-10-05 00:00:00.000,0.0
2360,2011-10-04 00:00:00.000,0.0
2361,2011-10-03 00:00:00.000,0.0
2362,2011-09-30 00:00:00.000,0.0
2363,2011-09-29 00:00:00.000,0.0
2364,2011-09-28 00:00:00.000,0.0
2365,2011-09-27 00:00:00.000,0.0
2366,2011-09-22 00:00:00.000,0.0
2367,2011-09-21 00:00:00.000,0.0
2368,2011-09-20 00:00:00.000,0.0
2369,2011-09-19 00:00:00.000,0.0
2370,2011-09-16 00:00:00.000,0.0
2371,2011-09-15 00:00:00.000,0.0
2372,2011-09-13 00:00:00.000,0.0
2373,2011-09-12 00:00:00.000,0.0
2374,2011-09-09 00:00:00.000,0.0
2375,2011-09-08 00:00:00.000,0.0
2376,2011-09-07 00:00:00.000,0.0
2377,2011-09-06 00:00:00.000,0.0
2378,2011-09-05 00:00:00.000,0.0
2379,2011-09-02 00:00:00.000,0.0
2380,2011-09-01 00:00:00.000,0.0
2381,2011-08-31 00:00:00.000,0.0
2382,2011-08-30 00:00:00.000,0.0
2383,2011-08-29 00:00:00.000,0.0
2384,2011-08-26 00:00:00.000,0.0
2385,2011-08-25 00:00:00.000,0.0
2386,2011-08-24 00:00:00.000,0.0
2387,2011-08-23 00:00:00.000,0.0
2388,2011-08-22 00:00:00.000,0.0
2389,2011-08-19 00:00:00.000,0.0
2390,2011-08-18 00:00:00.000,0.0
2391,2011-08-17 00:00:00.000,0.0
2392,2011-08-16 00:00:00.000,0.0
2393,2011-08-12 00:00:00.000,0.0
2394,2011-08-11 00:00:00.000,0.0
2395,2011-08-10 00:00:00.000,0.0
2396,2011-08-09 00:00:00.000,0.0
2397,2011-08-08 00:00:00.000,0.0
2398,2011-08-05 00:00:00.000,0.0
2399,2011-08-04 00:00:00.000,0.0
2400,2011-08-03 00:00:00.000,0.0
2401,2011-08-01 00:00:00.000,0.0
2402,2011-07-29 00:00:00.000,0.0
2403,2011-07-28 00:00:00.000,0.0
2404,2011-07-27 00:00:00.000,0.0
2405,2011-07-26 00:00:00.000,0.0
2406,2011-07-25 00:00:00.000,0.0
2407,2011-07-21 00:00:00.000,0.0
2408,2011-07-20 00:00:00.000,0.0
2409,2011-07-19 00:00:00.000,0.0
2410,2011-07-18 00:00:00.000,0.0
2411,2011-07-15 00:00:00.000,0.0
2412,2011-07-14 00:00:00.000,0.0
2413,2011-07-13 00:00:00.000,0.0
2414,2011-07-12 00:00:00.000,0.0
2415,2011-07-11 00:00:00.000,0.0
2416,2011-07-07 00:00:00.000,0.0
2417,2011-07-06 00:00:00.000,0.0
2418,2011-07-05 00:00:00.000,0.0
2419,2011-07-04 00:00:00.000,0.0
2420,2011-07-01 00:00:00.000,0.0
2421,2011-06-30 00:00:00.000,0.0
2422,2011-06-29 00:00:00.000,0.0
2423,2011-06-28 00:00:00.000,0.0
2424,2011-06-24 00:00:00.000,0.0
2425,2011-06-23 00:00:00.000,0.0
2426,2011-06-22 00:00:00.000,0.0
2427,2011-06-21 00:00:00.000,0.0
2428,2011-06-17 00:00:00.000,0.0
2429,2011-06-16 00:00:00.000,0.0
2430,2011-06-15 00:00:00.000,0.0
2431,2011-06-14 00:00:00.000,0.0
2432,2011-06-13 00:00:00.000,0.0
2433,2011-06-10 00:00:00.000,0.0
2434,2011-06-08 00:00:00.000,0.0
2435,2011-06-07 00:00:00.000,0.0
2436,2011-06-06 00:00:00.000,0.0
2437,2011-06-03 00:00:00.000,0.0
2438,2011-05-31 00:00:00.000,0.0
2439,2011-05-30 00:00:00.000,0.0
2440,2011-05-26 00:00:00.000,0.0
2441,2011-05-20 00:00:00.000,0.0
2442,2011-05-19 00:00:00.000,0.0
2443,2011-05-18 00:00:00.000,0.0
2444,2011-05-17 00:00:00.000,0.0
2445,2011-05-16 00:00:00.000,0.0
2446,2011-05-13 00:00:00.000,0.0
2447,2011-05-12 00:00:00.000,0.0
2448,2011-05-11 00:00:00.000,0.0
2449,2011-05-10 00:00:00.000,0.0
2450,2011-05-09 00:00:00.000,0.0
2451,2011-05-06 00:00:00.000,0.0
2452,2011-05-05 00:00:00.000,0.0
2453,2011-05-03 00:00:00.000,0.0
2454,2011-05-02 00:00:00.000,0.0
2455,2011-04-29 00:00:00.000,0.0
2456,2011-04-27 00:00:00.000,0.0
2457,2011-04-26 00:00:00.000,0.0
2458,2011-04-25 00:00:00.000,0.0
2459,2011-04-20 00:00:00.000,0.0
2460,2011-04-19 00:00:00.000,0.0
2461,2011-04-18 00:00:00.000,0.0
2462,2011-04-15 00:00:00.000,0.0
2463,2011-04-13 00:00:00.000,0.0
2464,2011-04-12 00:00:00.000,0.0
2465,2011-04-07 00:00:00.000,0.0
2466,2011-04-06 00:00:00.000,0.0
2467,2011-04-05 00:00:00.000,0.0
2468,2011-04-04 00:00:00.000,0.0
2469,2011-04-01 00:00:00.000,0.0
2470,2011-03-31 00:00:00.000,0.0
2471,2011-03-30 00:00:00.000,0.0
2472,2011-03-29 00:00:00.000,0.0
2473,2011-03-28 00:00:00.000,0.0
2474,2011-03-23 00:00:00.000,0.0
2475,2011-03-22 00:00:00.000,0.0
2476,2011-03-21 00:00:00.000,0.0
2477,2011-03-18 00:00:00.000,0.0
2478,2011-03-17 00:00:00.000,0.0
2479,2011-03-16 00:00:00.000,0.0
2480,2011-03-15 00:00:00.000,0.0
2481,2011-03-14 00:00:00.000,0.0
2482,2011-03-11 00:00:00.000,0.0
2483,2011-03-10 00:00:00.000,0.0
2484,2011-03-09 00:00:00.000,0.0
2485,2011-03-04 00:00:00.000,0.0
2486,2011-03-03 00:00:00.000,0.0
2487,2011-03-01 00:00:00.000,0.0
2488,2011-02-28 00:00:00.000,0.0
2489,2011-02-25 00:00:00.000,0.0
2490,2011-02-24 00:00:00.000,0.0
2491,2011-02-22 00:00:00.000,0.0
2492,2011-02-21 00:00:00.000,0.0
2493,2011-02-17 00:00:00.000,0.0
2494,2011-02-16 00:00:00.000,0.0
2495,2011-02-15 00:00:00.000,0.0
2496,2011-02-14 00:00:00.000,0.0
2497,2011-02-11 00:00:00.000,0.0
2498,2011-02-10 00:00:00.000,0.0
2499,2011-02-09 00:00:00.000,0.0
2500,2011-02-08 00:00:00.000,0.0
2501,2011-02-07 00:00:00.000,0.0
2502,2011-02-04 00:00:00.000,0.0
2503,2011-02-03 00:00:00.000,0.0
2504,2011-02-02 00:00:00.000,0.0
2505,2011-02-01 00:00:00.000,0.0
2506,2011-01-28 00:00:00.000,0.0
2507,2011-01-27 00:00:00.000,0.0
2508,2011-01-26 00:00:00.000,0.0
2509,2011-01-25 00:00:00.000,0.0
2510,2011-01-24 00:00:00.000,0.0
2511,2011-01-21 00:00:00.000,0.0
2512,2011-01-20 00:00:00.000,0.0
2513,2011-01-19 00:00:00.000,0.0
2514,2011-01-18 00:00:00.000,0.0
2515,2011-01-17 00:00:00.000,0.0
2516,2011-01-14 00:00:00.000,0.0
2517,2011-01-13 00:00:00.000,0.0
2518,2011-01-12 00:00:00.000,0.0
2519,2011-01-11 00:00:00.000,0.0
2520,2011-01-10 00:00:00.000,0.0
2521,2011-01-07 00:00:00.000,0.0
2522,2011-01-06 00:00:00.000,0.0
2523,2011-01-05 00:00:00.000,0.0
2524,2011-01-04 00:00:00.000,0.0
2525,2011-01-03 00:00:00.000,0.0
2526,2010-12-30 00:00:00.000,0.0
2527,2010-12-29 00:00:00.000,0.0
2528,2010-12-28 00:00:00.000,0.0
2529,2010-12-27 00:00:00.000,0.0
2530,2010-12-23 00:00:00.000,0.0
2531,2010-12-22 00:00:00.000,0.0
2532,2010-12-21 00:00:00.000,0.0
2533,2010-12-20 00:00:00.000,0.0
2534,2010-12-17 00:00:00.000,0.0
2535,2010-12-16 00:00:00.000,0.0
2536,2010-12-15 00:00:00.000,0.0
2537,2010-12-14 00:00:00.000,0.0
2538,2010-12-13 00:00:00.000,0.0
2539,2010-12-10 00:00:00.000,0.0
2540,2010-12-09 00:00:00.000,0.0
2541,2010-12-07 00:00:00.000,0.0
2542,2010-12-06 00:00:00.000,0.0
2543,2010-12-03 00:00:00.000,0.0
2544,2010-12-02 00:00:00.000,0.0
2545,2010-12-01 00:00:00.000,0.0
2546,2010-11-30 00:00:00.000,0.0
2547,2010-11-29 00:00:00.000,0.0
2548,2010-11-26 00:00:00.000,0.0
2549,2010-11-25 00:00:00.000,0.0
2550,2010-11-24 00:00:00.000,0.0
2551,2010-11-23 00:00:00.000,0.0
2552,2010-11-22 00:00:00.000,0.0
2553,2010-11-19 00:00:00.000,0.0
2554,2010-11-18 00:00:00.000,0.0
2555,2010-11-17 00:00:00.000,0.0
2556,2010-11-16 00:00:00.000,0.0
2557,2010-11-15 00:00:00.000,0.0
2558,2010-11-12 00:00:00.000,0.0
2559,2010-11-11 00:00:00.000,0.0
2560,2010-11-10 00:00:00.000,0.0
2561,2010-11-09 00:00:00.000,0.0
2562,2010-11-08 00:00:00.000,0.0
2563,2010-11-05 00:00:00.000,0.0
2564,2010-11-04 00:00:00.000,0.0
2565,2010-11-03 00:00:00.000,0.0
2566,2010-11-02 00:00:00.000,0.0
2567,2010-11-01 00:00:00.000,0.0
2568,2010-10-29 00:00:00.000,0.0
2569,2010-10-28 00:00:00.000,0.0
2570,2010-10-27 00:00:00.000,0.0
2571,2010-10-26 00:00:00.000,0.0
2572,2010-10-25 00:00:00.000,0.0
2573,2010-10-22 00:00:00.000,0.0
2574,2010-10-21 00:00:00.000,0.0
2575,2010-10-20 00:00:00.000,0.0
2576,2010-10-19 00:00:00.000,0.0
2577,2010-10-18 00:00:00.000,0.0
2578,2010-10-15 00:00:00.000,0.0
2579,2010-10-14 00:00:00.000,0.0
2580,2010-10-13 00:00:00.000,0.0
2581,2010-10-12 00:00:00.000,0.0
2582,2010-10-08 00:00:00.000,0.0
2583,2010-10-07 00:00:00.000,0.0
2584,2010-10-06 00:00:00.000,0.0
2585,2010-10-05 00:00:00.000,0.0
2586,2010-10-04 00:00:00.000,0.0
2587,2010-10-01 00:00:00.000,0.0
2588,2010-09-30 00:00:00.000,0.0
2589,2010-09-29 00:00:00.000,0.0
2590,2010-09-28 00:00:00.000,0.0
2591,2010-09-27 00:00:00.000,0.0
2592,2010-09-24 00:00:00.000,0.0
2593,2010-09-23 00:00:00.000,0.0
2594,2010-09-22 00:00:00.000,0.0
2595,2010-09-21 00:00:00.000,0.0
2596,2010-09-20 00:00:00.000,0.0
2597,2010-09-17 00:00:00.000,0.0
2598,2010-09-16 00:00:00.000,0.0
2599,2010-09-15 00:00:00.000,0.0
2600,2010-09-14 00:00:00.000,0.0
2601,2010-09-13 00:00:00.000,0.0
2602,2010-09-10 00:00:00.000,0.0
2603,2010-09-09 00:00:00.000,0.0
2604,2010-09-08 00:00:00.000,0.0
2605,2010-09-07 00:00:00.000,0.0
2606,2010-09-06 00:00:00.000,0.0
2607,2010-09-03 00:00:00.000,0.0
2608,2010-09-02 00:00:00.000,0.0
2609,2010-09-01 00:00:00.000,0.0
2610,2010-08-31 00:00:00.000,0.0
2611,2010-08-30 00:00:00.000,0.0
2612,2010-08-27 00:00:00.000,0.0
2613,2010-08-26 00:00:00.000,0.0
2614,2010-08-25 00:00:00.000,0.0
2615,2010-08-24 00:00:00.000,0.0
2616,2010-08-23 00:00:00.000,0.0
2617,2010-08-20 00:00:00.000,0.0
2618,2010-08-19 00:00:00.000,0.0
2619,2010-08-18 00:00:00.000,0.0
2620,2010-08-13 00:00:00.000,0.0
2621,2010-08-12 00:00:00.000,0.0
2622,2010-08-11 00:00:00.000,0.0
2623,2010-08-10 00:00:00.000,0.0
2624,2010-08-09 00:00:00.000,0.0
2625,2010-08-06 00:00:00.000,0.0
2626,2010-08-05 00:00:00.000,0.0
2627,2010-08-04 00:00:00.000,0.0
2628,2010-08-03 00:00:00.000,0.0
2629,2010-08-02 00:00:00.000,0.0
2630,2010-07-30 00:00:00.000,0.0
2631,2010-07-29 00:00:00.000,0.0
2632,2010-07-28 00:00:00.000,0.0
2633,2010-07-27 00:00:00.000,0.0
2634,2010-07-26 00:00:00.000,0.0
2635,2010-07-23 00:00:00.000,0.0
2636,2010-07-22 00:00:00.000,0.0
2637,2010-07-21 00:00:00.000,0.0
2638,2010-07-20 00:00:00.000,0.0
2639,2010-07-19 00:00:00.000,0.0
2640,2010-07-16 00:00:00.000,0.0
2641,2010-07-15 00:00:00.000,0.0
2642,2010-07-14 00:00:00.000,0.0
2643,2010-07-13 00:00:00.000,0.0
2644,2010-07-12 00:00:00.000,0.0
2645,2010-07-08 00:00:00.000,0.0
2646,2010-07-07 00:00:00.000,0.0
2647,2010-07-06 00:00:00.000,0.0
2648,2010-07-05 00:00:00.000,0.0
2649,2010-07-02 00:00:00.000,0.0
2650,2010-07-01 00:00:00.000,0.0
2651,2010-06-30 00:00:00.000,0.0
2652,2010-06-29 00:00:00.000,0.0
2653,2010-06-28 00:00:00.000,0.0
2654,2010-06-25 00:00:00.000,0.0
2655,2010-06-24 00:00:00.000,0.0
2656,2010-06-23 00:00:00.000,0.0
2657,2010-06-22 00:00:00.000,0.0
2658,2010-06-18 00:00:00.000,0.0
2659,2010-06-17 00:00:00.000,0.0
2660,2010-06-16 00:00:00.000,0.0
2661,2010-06-15 00:00:00.000,0.0
2662,2010-06-14 00:00:00.000,0.0
2663,2010-06-11 00:00:00.000,0.0
2664,2010-06-10 00:00:00.000,0.0
2665,2010-06-09 00:00:00.000,0.0
2666,2010-06-08 00:00:00.000,0.0
2667,2010-06-07 00:00:00.000,0.0
2668,2010-06-04 00:00:00.000,0.0
2669,2010-06-03 00:00:00.000,0.0
2670,2010-06-02 00:00:00.000,0.0
2671,2010-06-01 00:00:00.000,0.0
2672,2010-05-31 00:00:00.000,0.0
2673,2010-05-28 00:00:00.000,0.0
2674,2010-05-27 00:00:00.000,0.0
2675,2010-05-26 00:00:00.000,0.0
2676,2010-05-24 00:00:00.000,0.0
2677,2010-05-21 00:00:00.000,0.0
2678,2010-05-20 00:00:00.000,0.0
2679,2010-05-19 00:00:00.000,0.0
2680,2010-05-18 00:00:00.000,0.0
2681,2010-05-17 00:00:00.000,0.0
2682,2010-05-14 00:00:00.000,0.0
2683,2010-05-13 00:00:00.000,0.0
2684,2010-05-12 00:00:00.000,0.0
2685,2010-05-11 00:00:00.000,0.0
2686,2010-05-10 00:00:00.000,0.0
2687,2010-05-07 00:00:00.000,0.0
2688,2010-05-06 00:00:00.000,0.0
2689,2010-05-05 00:00:00.000,0.0
2690,2010-05-04 00:00:00.000,0.0
2691,2010-04-30 00:00:00.000,0.0
2692,2010-04-29 00:00:00.000,0.0
2693,2010-04-28 00:00:00.000,0.0
2694,2010-04-27 00:00:00.000,0.0
2695,2010-04-26 00:00:00.000,0.0
2696,2010-04-23 00:00:00.000,0.0
2697,2010-04-22 00:00:00.000,0.0
2698,2010-04-21 00:00:00.000,0.0
2699,2010-04-20 00:00:00.000,0.0
2700,2010-04-19 00:00:00.000,0.0
2701,2010-04-16 00:00:00.000,0.0
2702,2010-04-15 00:00:00.000,0.0
2703,2010-04-14 00:00:00.000,0.0
2704,2010-04-13 00:00:00.000,0.0
2705,2010-04-12 00:00:00.000,0.0
2706,2010-04-09 00:00:00.000,0.0
2707,2010-04-08 00:00:00.000,0.0
2708,2010-04-07 00:00:00.000,0.0
2709,2010-04-06 00:00:00.000,0.0
2710,2010-04-05 00:00:00.000,0.0
2711,2010-03-31 00:00:00.000,0.0
2712,2010-03-30 00:00:00.000,0.0
2713,2010-03-29 00:00:00.000,0.0
2714,2010-03-26 00:00:00.000,0.0
2715,2010-03-25 00:00:00.000,0.0
2716,2010-03-23 00:00:00.000,0.0
2717,2010-03-22 00:00:00.000,0.0
2718,2010-03-19 00:00:00.000,0.0
2719,2010-03-18 00:00:00.000,0.0
2720,2010-03-17 00:00:00.000,0.0
2721,2010-03-16 00:00:00.000,0.0
2722,2010-03-15 00:00:00.000,0.0
2723,2010-03-12 00:00:00.000,0.0
2724,2010-03-11 00:00:00.000,0.0
2725,2010-03-10 00:00:00.000,0.0
2726,2010-03-09 00:00:00.000,0.0
2727,2010-03-08 00:00:00.000,0.0
2728,2010-03-05 00:00:00.000,0.0
2729,2010-03-04 00:00:00.000,0.0
2730,2010-03-03 00:00:00.000,0.0
2731,2010-03-02 00:00:00.000,0.0
2732,2010-03-01 00:00:00.000,0.0
2733,2010-02-26 00:00:00.000,0.0
2734,2010-02-25 00:00:00.000,0.0
2735,2010-02-24 00:00:00.000,0.0
2736,2010-02-23 00:00:00.000,0.0
2737,2010-02-22 00:00:00.000,0.0
2738,2010-02-19 00:00:00.000,0.0
2739,2010-02-18 00:00:00.000,0.0
2740,2010-02-17 00:00:00.000,0.0
2741,2010-02-12 00:00:00.000,0.0
2742,2010-02-11 00:00:00.000,0.0
2743,2010-02-10 00:00:00.000,0.0
2744,2010-02-09 00:00:00.000,0.0
2745,2010-02-08 00:00:00.000,0.0
2746,2010-02-05 00:00:00.000,0.0
2747,2010-02-04 00:00:00.000,0.0
2748,2010-02-03 00:00:00.000,0.0
2749,2010-02-02 00:00:00.000,0.0
2750,2010-02-01 00:00:00.000,0.0
2751,2010-01-29 00:00:00.000,0.0
2752,2010-01-28 00:00:00.000,0.0
2753,2010-01-27 00:00:00.000,0.0
2754,2010-01-26 00:00:00.000,0.0
2755,2010-01-25 00:00:00.000,0.0
2756,2010-01-22 00:00:00.000,0.0
2757,2010-01-21 00:00:00.000,0.0
2758,2010-01-20 00:00:00.000,0.0
2759,2010-01-19 00:00:00.000,0.0
2760,2010-01-18 00:00:00.000,0.0
2761,2010-01-15 00:00:00.000,0.0
2762,2010-01-14 00:00:00.000,0.0
2763,2010-01-13 00:00:00.000,0.0
2764,2010-01-12 00:00:00.000,0.0
2765,2010-01-11 00:00:00.000,0.0
2766,2010-01-08 00:00:00.000,0.0
2767,2010-01-07 00:00:00.000,0.0
2768,2010-01-06 00:00:00.000,0.0
2769,2010-01-05 00:00:00.000,0.0
2770,2010-01-04 00:00:00.000,0.0
